--
-- PostgreSQL database dump
--

\restrict PTKAnn83Rvmz3lqtKc7sT4K4RtnNvmNMrjRPAQxnUqbJgt0iMwtB702ZYvNGoWq

-- Dumped from database version 17.7
-- Dumped by pg_dump version 18.0

-- Started on 2026-04-20 14:40:02

SET statement_timeout = 0;
SET lock_timeout = 0;
SET idle_in_transaction_session_timeout = 0;
SET transaction_timeout = 0;
SET client_encoding = 'UTF8';
SET standard_conforming_strings = on;
SELECT pg_catalog.set_config('search_path', '', false);
SET check_function_bodies = false;
SET xmloption = content;
SET client_min_messages = warning;
SET row_security = off;

--
-- TOC entry 2 (class 3079 OID 25965)
-- Name: postgis; Type: EXTENSION; Schema: -; Owner: -
--

CREATE EXTENSION IF NOT EXISTS postgis WITH SCHEMA public;


--
-- TOC entry 6077 (class 0 OID 0)
-- Dependencies: 2
-- Name: EXTENSION postgis; Type: COMMENT; Schema: -; Owner: 
--

COMMENT ON EXTENSION postgis IS 'PostGIS geometry and geography spatial types and functions';


SET default_tablespace = '';

SET default_table_access_method = heap;

--
-- TOC entry 223 (class 1259 OID 27046)
-- Name: auth_group; Type: TABLE; Schema: public; Owner: postgres
--

CREATE TABLE public.auth_group (
    id integer NOT NULL,
    name character varying(150) NOT NULL
);


ALTER TABLE public.auth_group OWNER TO postgres;

--
-- TOC entry 224 (class 1259 OID 27049)
-- Name: auth_group_id_seq; Type: SEQUENCE; Schema: public; Owner: postgres
--

ALTER TABLE public.auth_group ALTER COLUMN id ADD GENERATED BY DEFAULT AS IDENTITY (
    SEQUENCE NAME public.auth_group_id_seq
    START WITH 1
    INCREMENT BY 1
    NO MINVALUE
    NO MAXVALUE
    CACHE 1
);


--
-- TOC entry 225 (class 1259 OID 27050)
-- Name: auth_group_permissions; Type: TABLE; Schema: public; Owner: postgres
--

CREATE TABLE public.auth_group_permissions (
    id bigint NOT NULL,
    group_id integer NOT NULL,
    permission_id integer NOT NULL
);


ALTER TABLE public.auth_group_permissions OWNER TO postgres;

--
-- TOC entry 226 (class 1259 OID 27053)
-- Name: auth_group_permissions_id_seq; Type: SEQUENCE; Schema: public; Owner: postgres
--

ALTER TABLE public.auth_group_permissions ALTER COLUMN id ADD GENERATED BY DEFAULT AS IDENTITY (
    SEQUENCE NAME public.auth_group_permissions_id_seq
    START WITH 1
    INCREMENT BY 1
    NO MINVALUE
    NO MAXVALUE
    CACHE 1
);


--
-- TOC entry 227 (class 1259 OID 27054)
-- Name: auth_permission; Type: TABLE; Schema: public; Owner: postgres
--

CREATE TABLE public.auth_permission (
    id integer NOT NULL,
    name character varying(255) NOT NULL,
    content_type_id integer NOT NULL,
    codename character varying(100) NOT NULL
);


ALTER TABLE public.auth_permission OWNER TO postgres;

--
-- TOC entry 228 (class 1259 OID 27057)
-- Name: auth_permission_id_seq; Type: SEQUENCE; Schema: public; Owner: postgres
--

ALTER TABLE public.auth_permission ALTER COLUMN id ADD GENERATED BY DEFAULT AS IDENTITY (
    SEQUENCE NAME public.auth_permission_id_seq
    START WITH 1
    INCREMENT BY 1
    NO MINVALUE
    NO MAXVALUE
    CACHE 1
);


--
-- TOC entry 229 (class 1259 OID 27058)
-- Name: auth_user; Type: TABLE; Schema: public; Owner: postgres
--

CREATE TABLE public.auth_user (
    id integer NOT NULL,
    password character varying(128) NOT NULL,
    last_login timestamp with time zone,
    is_superuser boolean NOT NULL,
    username character varying(150) NOT NULL,
    first_name character varying(150) NOT NULL,
    last_name character varying(150) NOT NULL,
    email character varying(254) NOT NULL,
    is_staff boolean NOT NULL,
    is_active boolean NOT NULL,
    date_joined timestamp with time zone NOT NULL
);


ALTER TABLE public.auth_user OWNER TO postgres;

--
-- TOC entry 230 (class 1259 OID 27063)
-- Name: auth_user_groups; Type: TABLE; Schema: public; Owner: postgres
--

CREATE TABLE public.auth_user_groups (
    id bigint NOT NULL,
    user_id integer NOT NULL,
    group_id integer NOT NULL
);


ALTER TABLE public.auth_user_groups OWNER TO postgres;

--
-- TOC entry 231 (class 1259 OID 27066)
-- Name: auth_user_groups_id_seq; Type: SEQUENCE; Schema: public; Owner: postgres
--

ALTER TABLE public.auth_user_groups ALTER COLUMN id ADD GENERATED BY DEFAULT AS IDENTITY (
    SEQUENCE NAME public.auth_user_groups_id_seq
    START WITH 1
    INCREMENT BY 1
    NO MINVALUE
    NO MAXVALUE
    CACHE 1
);


--
-- TOC entry 232 (class 1259 OID 27067)
-- Name: auth_user_id_seq; Type: SEQUENCE; Schema: public; Owner: postgres
--

ALTER TABLE public.auth_user ALTER COLUMN id ADD GENERATED BY DEFAULT AS IDENTITY (
    SEQUENCE NAME public.auth_user_id_seq
    START WITH 1
    INCREMENT BY 1
    NO MINVALUE
    NO MAXVALUE
    CACHE 1
);


--
-- TOC entry 233 (class 1259 OID 27068)
-- Name: auth_user_user_permissions; Type: TABLE; Schema: public; Owner: postgres
--

CREATE TABLE public.auth_user_user_permissions (
    id bigint NOT NULL,
    user_id integer NOT NULL,
    permission_id integer NOT NULL
);


ALTER TABLE public.auth_user_user_permissions OWNER TO postgres;

--
-- TOC entry 234 (class 1259 OID 27071)
-- Name: auth_user_user_permissions_id_seq; Type: SEQUENCE; Schema: public; Owner: postgres
--

ALTER TABLE public.auth_user_user_permissions ALTER COLUMN id ADD GENERATED BY DEFAULT AS IDENTITY (
    SEQUENCE NAME public.auth_user_user_permissions_id_seq
    START WITH 1
    INCREMENT BY 1
    NO MINVALUE
    NO MAXVALUE
    CACHE 1
);


--
-- TOC entry 235 (class 1259 OID 27072)
-- Name: django_admin_log; Type: TABLE; Schema: public; Owner: postgres
--

CREATE TABLE public.django_admin_log (
    id integer NOT NULL,
    action_time timestamp with time zone NOT NULL,
    object_id text,
    object_repr character varying(200) NOT NULL,
    action_flag smallint NOT NULL,
    change_message text NOT NULL,
    content_type_id integer,
    user_id integer NOT NULL,
    CONSTRAINT django_admin_log_action_flag_check CHECK ((action_flag >= 0))
);


ALTER TABLE public.django_admin_log OWNER TO postgres;

--
-- TOC entry 236 (class 1259 OID 27078)
-- Name: django_admin_log_id_seq; Type: SEQUENCE; Schema: public; Owner: postgres
--

ALTER TABLE public.django_admin_log ALTER COLUMN id ADD GENERATED BY DEFAULT AS IDENTITY (
    SEQUENCE NAME public.django_admin_log_id_seq
    START WITH 1
    INCREMENT BY 1
    NO MINVALUE
    NO MAXVALUE
    CACHE 1
);


--
-- TOC entry 237 (class 1259 OID 27079)
-- Name: django_content_type; Type: TABLE; Schema: public; Owner: postgres
--

CREATE TABLE public.django_content_type (
    id integer NOT NULL,
    app_label character varying(100) NOT NULL,
    model character varying(100) NOT NULL
);


ALTER TABLE public.django_content_type OWNER TO postgres;

--
-- TOC entry 238 (class 1259 OID 27082)
-- Name: django_content_type_id_seq; Type: SEQUENCE; Schema: public; Owner: postgres
--

ALTER TABLE public.django_content_type ALTER COLUMN id ADD GENERATED BY DEFAULT AS IDENTITY (
    SEQUENCE NAME public.django_content_type_id_seq
    START WITH 1
    INCREMENT BY 1
    NO MINVALUE
    NO MAXVALUE
    CACHE 1
);


--
-- TOC entry 239 (class 1259 OID 27083)
-- Name: django_migrations; Type: TABLE; Schema: public; Owner: postgres
--

CREATE TABLE public.django_migrations (
    id bigint NOT NULL,
    app character varying(255) NOT NULL,
    name character varying(255) NOT NULL,
    applied timestamp with time zone NOT NULL
);


ALTER TABLE public.django_migrations OWNER TO postgres;

--
-- TOC entry 240 (class 1259 OID 27088)
-- Name: django_migrations_id_seq; Type: SEQUENCE; Schema: public; Owner: postgres
--

ALTER TABLE public.django_migrations ALTER COLUMN id ADD GENERATED BY DEFAULT AS IDENTITY (
    SEQUENCE NAME public.django_migrations_id_seq
    START WITH 1
    INCREMENT BY 1
    NO MINVALUE
    NO MAXVALUE
    CACHE 1
);


--
-- TOC entry 241 (class 1259 OID 27089)
-- Name: django_session; Type: TABLE; Schema: public; Owner: postgres
--

CREATE TABLE public.django_session (
    session_key character varying(40) NOT NULL,
    session_data text NOT NULL,
    expire_date timestamp with time zone NOT NULL
);


ALTER TABLE public.django_session OWNER TO postgres;

--
-- TOC entry 242 (class 1259 OID 27094)
-- Name: rental_bookinghistory; Type: TABLE; Schema: public; Owner: postgres
--

CREATE TABLE public.rental_bookinghistory (
    id bigint NOT NULL,
    start_time timestamp with time zone NOT NULL,
    end_time timestamp with time zone,
    total_distance double precision NOT NULL,
    total_fee numeric(12,2) NOT NULL,
    status character varying(20) NOT NULL,
    car_id bigint NOT NULL,
    pickup_station_id bigint,
    return_station_id bigint,
    user_id bigint NOT NULL
);


ALTER TABLE public.rental_bookinghistory OWNER TO postgres;

--
-- TOC entry 243 (class 1259 OID 27097)
-- Name: rental_bookinghistory_id_seq; Type: SEQUENCE; Schema: public; Owner: postgres
--

ALTER TABLE public.rental_bookinghistory ALTER COLUMN id ADD GENERATED BY DEFAULT AS IDENTITY (
    SEQUENCE NAME public.rental_bookinghistory_id_seq
    START WITH 1
    INCREMENT BY 1
    NO MINVALUE
    NO MAXVALUE
    CACHE 1
);


--
-- TOC entry 244 (class 1259 OID 27098)
-- Name: rental_car; Type: TABLE; Schema: public; Owner: postgres
--

CREATE TABLE public.rental_car (
    id bigint NOT NULL,
    license_plate character varying(15) NOT NULL,
    current_location public.geometry(Point,4326),
    is_active boolean NOT NULL,
    car_type_id bigint NOT NULL,
    brand_name character varying(50),
    image character varying(100),
    is_available boolean NOT NULL,
    short_description text NOT NULL,
    detail_description text NOT NULL
);


ALTER TABLE public.rental_car OWNER TO postgres;

--
-- TOC entry 245 (class 1259 OID 27103)
-- Name: rental_car_id_seq; Type: SEQUENCE; Schema: public; Owner: postgres
--

ALTER TABLE public.rental_car ALTER COLUMN id ADD GENERATED BY DEFAULT AS IDENTITY (
    SEQUENCE NAME public.rental_car_id_seq
    START WITH 1
    INCREMENT BY 1
    NO MINVALUE
    NO MAXVALUE
    CACHE 1
);


--
-- TOC entry 257 (class 1259 OID 27901)
-- Name: rental_cargalleryimage; Type: TABLE; Schema: public; Owner: postgres
--

CREATE TABLE public.rental_cargalleryimage (
    id bigint NOT NULL,
    image character varying(100) NOT NULL,
    sort_order integer NOT NULL,
    car_id bigint NOT NULL,
    CONSTRAINT rental_cargalleryimage_sort_order_check CHECK ((sort_order >= 0))
);


ALTER TABLE public.rental_cargalleryimage OWNER TO postgres;

--
-- TOC entry 256 (class 1259 OID 27900)
-- Name: rental_cargalleryimage_id_seq; Type: SEQUENCE; Schema: public; Owner: postgres
--

ALTER TABLE public.rental_cargalleryimage ALTER COLUMN id ADD GENERATED BY DEFAULT AS IDENTITY (
    SEQUENCE NAME public.rental_cargalleryimage_id_seq
    START WITH 1
    INCREMENT BY 1
    NO MINVALUE
    NO MAXVALUE
    CACHE 1
);


--
-- TOC entry 246 (class 1259 OID 27104)
-- Name: rental_cartype; Type: TABLE; Schema: public; Owner: postgres
--

CREATE TABLE public.rental_cartype (
    id bigint NOT NULL,
    name character varying(50) NOT NULL,
    base_price_per_km numeric(10,2) NOT NULL,
    image character varying(100)
);


ALTER TABLE public.rental_cartype OWNER TO postgres;

--
-- TOC entry 247 (class 1259 OID 27107)
-- Name: rental_cartype_id_seq; Type: SEQUENCE; Schema: public; Owner: postgres
--

ALTER TABLE public.rental_cartype ALTER COLUMN id ADD GENERATED BY DEFAULT AS IDENTITY (
    SEQUENCE NAME public.rental_cartype_id_seq
    START WITH 1
    INCREMENT BY 1
    NO MINVALUE
    NO MAXVALUE
    CACHE 1
);


--
-- TOC entry 248 (class 1259 OID 27108)
-- Name: rental_gpslog; Type: TABLE; Schema: public; Owner: postgres
--

CREATE TABLE public.rental_gpslog (
    id bigint NOT NULL,
    location public.geometry(Point,4326) NOT NULL,
    "timestamp" timestamp with time zone NOT NULL,
    car_id bigint NOT NULL
);


ALTER TABLE public.rental_gpslog OWNER TO postgres;

--
-- TOC entry 249 (class 1259 OID 27113)
-- Name: rental_gpslog_id_seq; Type: SEQUENCE; Schema: public; Owner: postgres
--

ALTER TABLE public.rental_gpslog ALTER COLUMN id ADD GENERATED BY DEFAULT AS IDENTITY (
    SEQUENCE NAME public.rental_gpslog_id_seq
    START WITH 1
    INCREMENT BY 1
    NO MINVALUE
    NO MAXVALUE
    CACHE 1
);


--
-- TOC entry 263 (class 1259 OID 27955)
-- Name: rental_homepagecontent; Type: TABLE; Schema: public; Owner: postgres
--

CREATE TABLE public.rental_homepagecontent (
    id bigint NOT NULL,
    hero_title character varying(255) NOT NULL,
    hero_description text NOT NULL,
    hero_button_text character varying(100) NOT NULL,
    hero_button_url character varying(255) NOT NULL,
    hero_image character varying(100),
    feature_1_title character varying(255) NOT NULL,
    feature_1_description text NOT NULL,
    feature_2_title character varying(255) NOT NULL,
    feature_2_description text NOT NULL,
    feature_3_title character varying(255) NOT NULL,
    feature_3_description text NOT NULL,
    news_section_title character varying(255) NOT NULL,
    news_section_subtitle character varying(255) NOT NULL
);


ALTER TABLE public.rental_homepagecontent OWNER TO postgres;

--
-- TOC entry 262 (class 1259 OID 27954)
-- Name: rental_homepagecontent_id_seq; Type: SEQUENCE; Schema: public; Owner: postgres
--

ALTER TABLE public.rental_homepagecontent ALTER COLUMN id ADD GENERATED BY DEFAULT AS IDENTITY (
    SEQUENCE NAME public.rental_homepagecontent_id_seq
    START WITH 1
    INCREMENT BY 1
    NO MINVALUE
    NO MAXVALUE
    CACHE 1
);


--
-- TOC entry 265 (class 1259 OID 27963)
-- Name: rental_newssection; Type: TABLE; Schema: public; Owner: postgres
--

CREATE TABLE public.rental_newssection (
    id bigint NOT NULL,
    title character varying(255) NOT NULL,
    thumbnail character varying(100) NOT NULL,
    content text NOT NULL,
    created_at timestamp with time zone NOT NULL,
    updated_at timestamp with time zone NOT NULL,
    is_published boolean NOT NULL
);


ALTER TABLE public.rental_newssection OWNER TO postgres;

--
-- TOC entry 264 (class 1259 OID 27962)
-- Name: rental_newssection_id_seq; Type: SEQUENCE; Schema: public; Owner: postgres
--

ALTER TABLE public.rental_newssection ALTER COLUMN id ADD GENERATED BY DEFAULT AS IDENTITY (
    SEQUENCE NAME public.rental_newssection_id_seq
    START WITH 1
    INCREMENT BY 1
    NO MINVALUE
    NO MAXVALUE
    CACHE 1
);


--
-- TOC entry 259 (class 1259 OID 27914)
-- Name: rental_review; Type: TABLE; Schema: public; Owner: postgres
--

CREATE TABLE public.rental_review (
    id bigint NOT NULL,
    rating integer NOT NULL,
    comment text NOT NULL,
    created_at timestamp with time zone NOT NULL,
    updated_at timestamp with time zone NOT NULL,
    booking_history_id bigint NOT NULL,
    car_id bigint NOT NULL,
    user_id bigint NOT NULL
);


ALTER TABLE public.rental_review OWNER TO postgres;

--
-- TOC entry 258 (class 1259 OID 27913)
-- Name: rental_review_id_seq; Type: SEQUENCE; Schema: public; Owner: postgres
--

ALTER TABLE public.rental_review ALTER COLUMN id ADD GENERATED BY DEFAULT AS IDENTITY (
    SEQUENCE NAME public.rental_review_id_seq
    START WITH 1
    INCREMENT BY 1
    NO MINVALUE
    NO MAXVALUE
    CACHE 1
);


--
-- TOC entry 261 (class 1259 OID 27924)
-- Name: rental_reviewimage; Type: TABLE; Schema: public; Owner: postgres
--

CREATE TABLE public.rental_reviewimage (
    id bigint NOT NULL,
    image character varying(100) NOT NULL,
    created_at timestamp with time zone NOT NULL,
    review_id bigint NOT NULL
);


ALTER TABLE public.rental_reviewimage OWNER TO postgres;

--
-- TOC entry 260 (class 1259 OID 27923)
-- Name: rental_reviewimage_id_seq; Type: SEQUENCE; Schema: public; Owner: postgres
--

ALTER TABLE public.rental_reviewimage ALTER COLUMN id ADD GENERATED BY DEFAULT AS IDENTITY (
    SEQUENCE NAME public.rental_reviewimage_id_seq
    START WITH 1
    INCREMENT BY 1
    NO MINVALUE
    NO MAXVALUE
    CACHE 1
);


--
-- TOC entry 250 (class 1259 OID 27114)
-- Name: rental_safezone; Type: TABLE; Schema: public; Owner: postgres
--

CREATE TABLE public.rental_safezone (
    id bigint NOT NULL,
    name character varying(100) NOT NULL,
    area public.geometry(Polygon,4326) NOT NULL
);


ALTER TABLE public.rental_safezone OWNER TO postgres;

--
-- TOC entry 251 (class 1259 OID 27119)
-- Name: rental_safezone_id_seq; Type: SEQUENCE; Schema: public; Owner: postgres
--

ALTER TABLE public.rental_safezone ALTER COLUMN id ADD GENERATED BY DEFAULT AS IDENTITY (
    SEQUENCE NAME public.rental_safezone_id_seq
    START WITH 1
    INCREMENT BY 1
    NO MINVALUE
    NO MAXVALUE
    CACHE 1
);


--
-- TOC entry 252 (class 1259 OID 27120)
-- Name: rental_station; Type: TABLE; Schema: public; Owner: postgres
--

CREATE TABLE public.rental_station (
    id bigint NOT NULL,
    name character varying(100) NOT NULL,
    area public.geometry(Polygon,4326) NOT NULL,
    capacity integer NOT NULL
);


ALTER TABLE public.rental_station OWNER TO postgres;

--
-- TOC entry 253 (class 1259 OID 27125)
-- Name: rental_station_id_seq; Type: SEQUENCE; Schema: public; Owner: postgres
--

ALTER TABLE public.rental_station ALTER COLUMN id ADD GENERATED BY DEFAULT AS IDENTITY (
    SEQUENCE NAME public.rental_station_id_seq
    START WITH 1
    INCREMENT BY 1
    NO MINVALUE
    NO MAXVALUE
    CACHE 1
);


--
-- TOC entry 254 (class 1259 OID 27126)
-- Name: rental_usercustom; Type: TABLE; Schema: public; Owner: postgres
--

CREATE TABLE public.rental_usercustom (
    id bigint NOT NULL,
    username character varying(50) NOT NULL,
    password character varying(255) NOT NULL,
    "IRL_name" character varying(100) NOT NULL,
    role character varying(10) NOT NULL,
    book_day timestamp with time zone,
    email character varying(254),
    phone_number character varying(20),
    order_status character varying(20) NOT NULL,
    pickup_day timestamp with time zone,
    is_active boolean NOT NULL,
    last_login timestamp with time zone
);


ALTER TABLE public.rental_usercustom OWNER TO postgres;

--
-- TOC entry 255 (class 1259 OID 27131)
-- Name: rental_usercustom_id_seq; Type: SEQUENCE; Schema: public; Owner: postgres
--

ALTER TABLE public.rental_usercustom ALTER COLUMN id ADD GENERATED BY DEFAULT AS IDENTITY (
    SEQUENCE NAME public.rental_usercustom_id_seq
    START WITH 1
    INCREMENT BY 1
    NO MINVALUE
    NO MAXVALUE
    CACHE 1
);


--
-- TOC entry 6029 (class 0 OID 27046)
-- Dependencies: 223
-- Data for Name: auth_group; Type: TABLE DATA; Schema: public; Owner: postgres
--

COPY public.auth_group (id, name) FROM stdin;
\.


--
-- TOC entry 6031 (class 0 OID 27050)
-- Dependencies: 225
-- Data for Name: auth_group_permissions; Type: TABLE DATA; Schema: public; Owner: postgres
--

COPY public.auth_group_permissions (id, group_id, permission_id) FROM stdin;
\.


--
-- TOC entry 6033 (class 0 OID 27054)
-- Dependencies: 227
-- Data for Name: auth_permission; Type: TABLE DATA; Schema: public; Owner: postgres
--

COPY public.auth_permission (id, name, content_type_id, codename) FROM stdin;
1	Can add log entry	1	add_logentry
2	Can change log entry	1	change_logentry
3	Can delete log entry	1	delete_logentry
4	Can view log entry	1	view_logentry
5	Can add permission	3	add_permission
6	Can change permission	3	change_permission
7	Can delete permission	3	delete_permission
8	Can view permission	3	view_permission
9	Can add group	2	add_group
10	Can change group	2	change_group
11	Can delete group	2	delete_group
12	Can view group	2	view_group
13	Can add user	4	add_user
14	Can change user	4	change_user
15	Can delete user	4	delete_user
16	Can view user	4	view_user
17	Can add content type	5	add_contenttype
18	Can change content type	5	change_contenttype
19	Can delete content type	5	delete_contenttype
20	Can view content type	5	view_contenttype
21	Can add session	6	add_session
22	Can change session	6	change_session
23	Can delete session	6	delete_session
24	Can view session	6	view_session
25	Can add safe zone	11	add_safezone
26	Can change safe zone	11	change_safezone
27	Can delete safe zone	11	delete_safezone
28	Can view safe zone	11	view_safezone
29	Can add gps log	10	add_gpslog
30	Can change gps log	10	change_gpslog
31	Can delete gps log	10	delete_gpslog
32	Can view gps log	10	view_gpslog
33	Can add car	8	add_car
34	Can change car	8	change_car
35	Can delete car	8	delete_car
36	Can view car	8	view_car
37	Can add booking	7	add_booking
38	Can change booking	7	change_booking
39	Can delete booking	7	delete_booking
40	Can view booking	7	view_booking
41	Can add car type	9	add_cartype
42	Can change car type	9	change_cartype
43	Can delete car type	9	delete_cartype
44	Can view car type	9	view_cartype
45	Can add user custom	12	add_usercustom
46	Can change user custom	12	change_usercustom
47	Can delete user custom	12	delete_usercustom
48	Can view user custom	12	view_usercustom
49	Can add station	13	add_station
50	Can change station	13	change_station
51	Can delete station	13	delete_station
52	Can view station	13	view_station
53	Can add booking history	14	add_bookinghistory
54	Can change booking history	14	change_bookinghistory
55	Can delete booking history	14	delete_bookinghistory
56	Can view booking history	14	view_bookinghistory
57	Can add car description	15	add_cardescription
58	Can change car description	15	change_cardescription
59	Can delete car description	15	delete_cardescription
60	Can view car description	15	view_cardescription
61	Can add car image	16	add_carimage
62	Can change car image	16	change_carimage
63	Can delete car image	16	delete_carimage
64	Can view car image	16	view_carimage
65	Can add car gallery image	17	add_cargalleryimage
66	Can change car gallery image	17	change_cargalleryimage
67	Can delete car gallery image	17	delete_cargalleryimage
68	Can view car gallery image	17	view_cargalleryimage
69	Can add review image	19	add_reviewimage
70	Can change review image	19	change_reviewimage
71	Can delete review image	19	delete_reviewimage
72	Can view review image	19	view_reviewimage
73	Can add review	18	add_review
74	Can change review	18	change_review
75	Can delete review	18	delete_review
76	Can view review	18	view_review
77	Can add home page content	20	add_homepagecontent
78	Can change home page content	20	change_homepagecontent
79	Can delete home page content	20	delete_homepagecontent
80	Can view home page content	20	view_homepagecontent
81	Can add news section	21	add_newssection
82	Can change news section	21	change_newssection
83	Can delete news section	21	delete_newssection
84	Can view news section	21	view_newssection
\.


--
-- TOC entry 6035 (class 0 OID 27058)
-- Dependencies: 229
-- Data for Name: auth_user; Type: TABLE DATA; Schema: public; Owner: postgres
--

COPY public.auth_user (id, password, last_login, is_superuser, username, first_name, last_name, email, is_staff, is_active, date_joined) FROM stdin;
2	pbkdf2_sha256$1200000$ndepC98EnTtnaK6JMlDlKZ$W10K4z/AYFjHKUNi650IzBv7ZirO1BzbRzgsJ9A07Rs=	2026-03-31 19:00:55.540003+07	f	guest				f	t	2026-02-06 11:01:32.192733+07
1	pbkdf2_sha256$1200000$IpHvbQtUrMO0JwHWUGMaEK$b4tWOCPYLMWqTWJb+JdqHqRsjGqccY2TBa3NTAuF5O8=	2026-03-31 19:01:45.998455+07	t	admin			1250080112@1250080112sv.hcmunre.edu.vn	t	t	2026-02-06 11:00:10.276715+07
\.


--
-- TOC entry 6036 (class 0 OID 27063)
-- Dependencies: 230
-- Data for Name: auth_user_groups; Type: TABLE DATA; Schema: public; Owner: postgres
--

COPY public.auth_user_groups (id, user_id, group_id) FROM stdin;
\.


--
-- TOC entry 6039 (class 0 OID 27068)
-- Dependencies: 233
-- Data for Name: auth_user_user_permissions; Type: TABLE DATA; Schema: public; Owner: postgres
--

COPY public.auth_user_user_permissions (id, user_id, permission_id) FROM stdin;
\.


--
-- TOC entry 6041 (class 0 OID 27072)
-- Dependencies: 235
-- Data for Name: django_admin_log; Type: TABLE DATA; Schema: public; Owner: postgres
--

COPY public.django_admin_log (id, action_time, object_id, object_repr, action_flag, change_message, content_type_id, user_id) FROM stdin;
\.


--
-- TOC entry 6043 (class 0 OID 27079)
-- Dependencies: 237
-- Data for Name: django_content_type; Type: TABLE DATA; Schema: public; Owner: postgres
--

COPY public.django_content_type (id, app_label, model) FROM stdin;
1	admin	logentry
2	auth	group
3	auth	permission
4	auth	user
5	contenttypes	contenttype
6	sessions	session
7	rental	booking
8	rental	car
9	rental	cartype
10	rental	gpslog
11	rental	safezone
12	rental	usercustom
13	rental	station
14	rental	bookinghistory
15	rental	cardescription
16	rental	carimage
17	rental	cargalleryimage
18	rental	review
19	rental	reviewimage
20	rental	homepagecontent
21	rental	newssection
\.


--
-- TOC entry 6045 (class 0 OID 27083)
-- Dependencies: 239
-- Data for Name: django_migrations; Type: TABLE DATA; Schema: public; Owner: postgres
--

COPY public.django_migrations (id, app, name, applied) FROM stdin;
1	contenttypes	0001_initial	2026-02-03 10:41:09.034565+07
2	auth	0001_initial	2026-02-03 10:41:09.147205+07
3	admin	0001_initial	2026-02-03 10:41:09.16822+07
4	admin	0002_logentry_remove_auto_add	2026-02-03 10:41:09.180345+07
5	admin	0003_logentry_add_action_flag_choices	2026-02-03 10:41:09.190189+07
6	contenttypes	0002_remove_content_type_name	2026-02-03 10:41:09.215181+07
7	auth	0002_alter_permission_name_max_length	2026-02-03 10:41:09.231297+07
8	auth	0003_alter_user_email_max_length	2026-02-03 10:41:09.241082+07
9	auth	0004_alter_user_username_opts	2026-02-03 10:41:09.249938+07
10	auth	0005_alter_user_last_login_null	2026-02-03 10:41:09.261993+07
11	auth	0006_require_contenttypes_0002	2026-02-03 10:41:09.263128+07
12	auth	0007_alter_validators_add_error_messages	2026-02-03 10:41:09.271882+07
13	auth	0008_alter_user_username_max_length	2026-02-03 10:41:09.287466+07
14	auth	0009_alter_user_last_name_max_length	2026-02-03 10:41:09.299016+07
15	auth	0010_alter_group_name_max_length	2026-02-03 10:41:09.311217+07
16	auth	0011_update_proxy_permissions	2026-02-03 10:41:09.321489+07
17	auth	0012_alter_user_first_name_max_length	2026-02-03 10:41:09.334542+07
18	sessions	0001_initial	2026-02-03 10:41:09.350789+07
19	rental	0001_initial	2026-02-03 10:44:20.405029+07
20	rental	0002_delete_safezone_cartype_image_1_cartype_image_2_and_more	2026-02-05 20:43:15.316068+07
21	rental	0003_safezone_remove_cartype_image_1_and_more	2026-03-27 11:37:52.20329+07
22	rental	0004_remove_car_brand_name	2026-03-28 20:27:46.647457+07
23	rental	0005_car_brand_name	2026-03-28 20:29:25.760537+07
24	rental	0006_cartype_brand_name	2026-03-29 22:05:24.174468+07
25	rental	0007_car_image	2026-03-29 22:25:55.51532+07
26	rental	0008_usercustom	2026-03-31 23:05:10.679393+07
27	rental	0009_usercustom_role	2026-03-31 23:19:26.468472+07
28	rental	0010_usercustom_book_day_usercustom_email_and_more	2026-04-01 01:07:06.819051+07
29	rental	0011_usercustom_order_status	2026-04-02 19:04:20.742128+07
30	rental	0012_station	2026-04-02 20:17:41.0798+07
31	rental	0013_cartype_is_available	2026-04-02 20:52:55.474121+07
32	rental	0014_remove_cartype_is_available_car_is_available	2026-04-02 20:54:39.302512+07
33	rental	0015_bookinghistory	2026-04-03 10:04:26.167915+07
34	rental	0016_remove_cartype_brand_name	2026-04-04 22:45:33.634033+07
35	rental	0017_car_quantity	2026-04-05 00:36:20.432344+07
36	rental	0018_remove_car_quantity	2026-04-05 01:08:23.645546+07
37	rental	0019_usercustom_pickup_day	2026-04-05 21:43:49.539737+07
38	rental	0020_usercustom_is_active	2026-04-15 08:43:58.384689+07
39	rental	0021_usercustom_last_login	2026-04-15 08:49:17.764589+07
40	rental	0022_cardescription_carimage	2026-04-15 13:04:58.601359+07
41	rental	0022_car_short_description	2026-04-19 13:56:21.380515+07
42	rental	0023_car_detail_description_cargalleryimage	2026-04-19 16:08:32.383066+07
43	rental	0024_review_reviewimage	2026-04-19 19:02:43.066909+07
44	rental	0025_homepagecontent_newssection	2026-04-20 13:00:55.209341+07
\.


--
-- TOC entry 6047 (class 0 OID 27089)
-- Dependencies: 241
-- Data for Name: django_session; Type: TABLE DATA; Schema: public; Owner: postgres
--

COPY public.django_session (session_key, session_data, expire_date) FROM stdin;
37vfvrvtpoqrum4g6jw681o1w2yi4q1p	.eJxVjMEOwiAQRP-FsyELQqEevfsNhN0FqRpISnsy_rtt0oPeJvPezFuEuC4lrD3NYWJxEUqcfjuM9Ex1B_yI9d4ktbrME8pdkQft8tY4va6H-3dQYi_b2us0OusGsgwwgNNksgLIWtlkiLSJyKzcaPIWorYGPSMDwtl6TcmJzxfQnDfq:1voFUw:2DYuJuEmE46pt-_TEuZYt2gzG4D7Skpf38I8g7_wj2I	2026-02-20 13:39:22.610296+07
hzxmsdtf4w8gmit8x2rjvzdyrebh9rrt	.eJxVjMEOwiAQRP-FsyELQqEevfsNhN0FqRpISnsy_rtt0oPeJvPezFuEuC4lrD3NYWJxEUqcfjuM9Ex1B_yI9d4ktbrME8pdkQft8tY4va6H-3dQYi_b2us0OusGsgwwgNNksgLIWtlkiLSJyKzcaPIWorYGPSMDwtl6TcmJzxfQnDfq:1vyOa5:6pYyngnyiXwmKARG9rq-iAL2Z6-8MpP_HL_hw6J-Yh8	2026-03-20 13:22:37.806278+07
9yf3i14yqe0l64t98mf9wot361jshnrc	.eJxVjMEOwiAQRP-FsyELQqEevfsNhN0FqRpISnsy_rtt0oPeJvPezFuEuC4lrD3NYWJxEUqcfjuM9Ex1B_yI9d4ktbrME8pdkQft8tY4va6H-3dQYi_b2us0OusGsgwwgNNksgLIWtlkiLSJyKzcaPIWorYGPSMDwtl6TcmJzxfQnDfq:1w0u3D:DWJc4WeLGiVS1aPd4SSjtUjAnbtier92ThZAF4QsEGs	2026-03-27 11:23:03.854785+07
ewesl148d1xckkori5xj9kkkcgk7oqnt	.eJyrViotTi2Kz0xRsjLUAbPzEnNTlayUElNyM_OUdJSK8nOQuZlFOfFQFYGlMaWGqYnGeQolRSBWcpJCWWZMqYFBamKeUi0ALfAdjQ:1w7gRt:GXxwaCF9laM29i_ZHJyv-xvasknlTXfujqYEtxyrepk	2026-04-15 04:16:33.748855+07
i8aovuwim75dityr9c127yl3ks5odvk7	.eJyrViotTi2Kz0xRsjLUAbPzEnNTlayUElNyM_OUdJSK8nOQuZlFOfFQFU5KtQCHjxQK:1wALZr:ka1H8Jm7aGjYLU2OFsxXgFMCtb7MEKGlbYhA1UTs3IA	2026-04-22 12:35:47.81139+07
dqzc4edre9rjsn6c7ngtl4r82cgfbx00	.eJyrViotTi2Kz0xRsjLSAbPzEnNTlayU0ktTi0uUdJSK8nOQuZlFOfFQFe5goVoA5SMWDw:1wAQ77:XPgy2rtIMA_b5OlPbt7mtvaJfRpu-CVJB2IkABHEsBM	2026-04-22 17:26:25.831075+07
u8f3gww0nzmzjrulfjwl0dy9455vtwnl	.eJyrViotTi2Kz0xRsjLUAbPzEnNTlayUElNyM_OUdJSK8nOQuZlFOfFQFUq1AHOgE8g:1wCxgC:5JaegfRAadIqEy_01gwvmmD7sHkw25KApGlDSm2xBTo	2026-04-29 17:41:08.371597+07
0x2q4ssf5gv5ar3fk3ux33qmzgxwjwq8	.eJyrViotTi2Kz0xRsrLUAbPzEnNTlayUHHNKzJR0lIryc0C89NLU4hIgN7MoJx5ZQS0Ap6IUlA:1wEQG8:cd0qVLhzRv3Pu5wtNni6qPb7fQKj54E38DKCO_kNS70	2026-05-03 18:24:16.917723+07
0mtm0udxij73t51hv0h4hzv64qzldvwi	.eJyrViotTi2Kz0xRsjLUAbPzEnNTlayUElNyM_OUdJSK8nOQuZlFOfFQFUq1AHOgE8g:1wEiPd:uNcFc73IOSQCptxUuk7hIo9Gm39LLpdar86KJHJNlFU	2026-05-04 13:47:17.372028+07
\.


--
-- TOC entry 6048 (class 0 OID 27094)
-- Dependencies: 242
-- Data for Name: rental_bookinghistory; Type: TABLE DATA; Schema: public; Owner: postgres
--

COPY public.rental_bookinghistory (id, start_time, end_time, total_distance, total_fee, status, car_id, pickup_station_id, return_station_id, user_id) FROM stdin;
1	2026-04-03 10:19:47.992819+07	2026-04-03 11:06:42.025489+07	5.93	214004.00	completed	13	2	\N	1
2	2026-04-03 11:10:04.831275+07	2026-04-03 11:10:37.363323+07	6.88	348233.00	completed	11	2	\N	1
3	2026-04-03 11:12:32.838883+07	2026-04-03 11:12:53.787279+07	3.69	200000.00	completed	12	2	2	1
4	2026-04-03 11:15:08.479518+07	2026-04-03 11:15:24.062602+07	5.93	214004.00	completed	13	\N	\N	1
11	2026-04-05 13:27:03.266159+07	2026-04-05 13:31:58.425878+07	0	0.00	completed	9	2	2	1
12	2026-04-05 13:31:28.877685+07	2026-04-05 13:52:16.692345+07	6.53	222883.00	completed	9	2	2	1
16	2026-04-05 22:56:36.30619+07	2026-04-05 23:50:20.541036+07	0	0.00	completed	9	2	2	1
15	2026-04-05 22:53:04.609597+07	2026-04-05 23:50:22.843197+07	0	0.00	completed	9	2	2	1
17	2026-04-07 00:07:40.006197+07	2026-04-07 00:08:39.204784+07	8.07	245995.00	completed	9	2	2	1
18	2026-04-07 00:30:07.112197+07	2026-04-07 00:31:25.844734+07	5.73	210938.00	completed	13	2	2	2
19	2026-04-07 09:41:20.37557+07	2026-04-08 00:27:53.337328+07	2.87	200000.00	completed	13	2	2	1
20	2026-04-08 04:08:00.035014+07	2026-04-08 04:10:40.347398+07	5.94	214132.00	completed	9	2	2	1
21	2026-04-08 04:33:31.76787+07	2026-04-08 04:34:18.04737+07	4.26	200000.00	completed	13	2	2	1
22	2026-04-08 04:35:34.840533+07	2026-04-08 04:36:20.002645+07	0.26	200000.00	completed	13	2	2	1
23	2026-04-08 04:36:44.242691+07	2026-04-08 04:48:36.013444+07	0.24	200000.00	completed	13	2	2	1
24	2026-04-08 04:49:01.240684+07	2026-04-08 04:52:30.368706+07	9.63	269446.00	completed	15	2	2	1
25	2026-04-08 05:09:58.828617+07	2026-04-08 05:12:53.857174+07	3.18	200000.00	completed	16	2	2	1
26	2026-04-08 05:26:42.039525+07	2026-04-08 05:28:24.418143+07	7.21	233165.00	completed	12	2	2	1
27	2026-04-08 17:18:18.647245+07	2026-04-08 17:21:07.511616+07	6.35	220221.00	completed	10	2	2	1
28	2026-04-08 17:26:56.852778+07	2026-04-15 14:36:39.377961+07	1.07	200000.00	completed	19	2	2	2
29	2026-04-19 18:34:35.711806+07	2026-04-19 19:03:35.285086+07	1.05	200000.00	completed	21	2	2	9
30	2026-04-20 14:18:00.423969+07	2026-04-20 14:18:47.900099+07	0.83	200000.00	completed	9	2	2	9
\.


--
-- TOC entry 6050 (class 0 OID 27098)
-- Dependencies: 244
-- Data for Name: rental_car; Type: TABLE DATA; Schema: public; Owner: postgres
--

COPY public.rental_car (id, license_plate, current_location, is_active, car_type_id, brand_name, image, is_available, short_description, detail_description) FROM stdin;
23	54Y-675.888	0101000020E6100000E9263108ACAC5A40986E1283C08A2540	t	1	AFF	cars/Hyunda_Accent_2.png	t	Xe AFF siêu dễ chịu, phù hợp với gia đình 4 người có con nhỏ	
11	31A-888.888	0101000020E6100000E9263108ACAC5A40986E1283C08A2540	t	3	Ford Tourneo	cars/Ford_Tourneo.jpeg	t		
13	51G-010.987	0101000020E6100000E9263108ACAC5A40986E1283C08A2540	t	2	Honda Vision	cars/Vision.png	t		
12	36A-527.410	0101000020E6100000E9263108ACAC5A40986E1283C08A2540	t	3	Vauxhall Vivaro Combi	cars/Vauxhall_Vivaro_Combi.jpg	t		
17	82F-444.672	0101000020E6100000E9263108ACAC5A40986E1283C08A2540	t	2	Honda Air Blade	cars/Honda-Air-Blade.png	t		
15	24D-017.170	0101000020E6100000E9263108ACAC5A40986E1283C08A2540	t	2	Suzuki Impulse 125 FI	cars/Suzuki_Impulse_125_FI.jpg	t		
21	36T-537.420	0101000020E6100000E9263108ACAC5A40986E1283C08A2540	t	1	Toyota Wigo	cars/toyota_wigo.jpg	t		<p><strong>fff</strong></p>\r\n
16	49V-014.975	0101000020E6100000E9263108ACAC5A40986E1283C08A2540	t	2	Honda Wave Alpha	cars/wave_alpha_KwgRMtL.jpg	t		
22	64H-415.776	0101000020E6100000E9263108ACAC5A40986E1283C08A2540	t	1	Kia Morning Si	cars/Kia_Morning_Si.jpg	t		
20	31B-847.710	0101000020E6100000E9263108ACAC5A40986E1283C08A2540	t	1	Kia Morning	cars/Kia_morning.jpg	t		
10	41B-827.101	0101000020E6100000E9263108ACAC5A40986E1283C08A2540	t	1	Hyundai Accent	cars/Hyundai_Accent.jpg	t		
9	62G-404.178	0101000020E6100000E9263108ACAC5A40986E1283C08A2540	t	1	VinFast VF3	cars/VinFast_VF3.jpg	t		
19	75A-416.178	0101000020E6100000E9263108ACAC5A40986E1283C08A2540	t	1	Toyota Vios	cars/Toyota_Vios.jpg	t		
\.


--
-- TOC entry 6063 (class 0 OID 27901)
-- Dependencies: 257
-- Data for Name: rental_cargalleryimage; Type: TABLE DATA; Schema: public; Owner: postgres
--

COPY public.rental_cargalleryimage (id, image, sort_order, car_id) FROM stdin;
8	cars/gallery/Pngtreevector_forward_icon_4184777.png	0	21
9	cars/gallery/Arrow_png_image.png	0	21
10	cars/gallery/monte.png	0	21
\.


--
-- TOC entry 6052 (class 0 OID 27104)
-- Dependencies: 246
-- Data for Name: rental_cartype; Type: TABLE DATA; Schema: public; Owner: postgres
--

COPY public.rental_cartype (id, name, base_price_per_km, image) FROM stdin;
3	Xe 8 chỗ	20000.00	\N
2	Xe máy	10000.00	\N
1	Xe 4 chỗ	15000.00	\N
\.


--
-- TOC entry 6054 (class 0 OID 27108)
-- Dependencies: 248
-- Data for Name: rental_gpslog; Type: TABLE DATA; Schema: public; Owner: postgres
--

COPY public.rental_gpslog (id, location, "timestamp", car_id) FROM stdin;
\.


--
-- TOC entry 6069 (class 0 OID 27955)
-- Dependencies: 263
-- Data for Name: rental_homepagecontent; Type: TABLE DATA; Schema: public; Owner: postgres
--

COPY public.rental_homepagecontent (id, hero_title, hero_description, hero_button_text, hero_button_url, hero_image, feature_1_title, feature_1_description, feature_2_title, feature_2_description, feature_3_title, feature_3_description, news_section_title, news_section_subtitle) FROM stdin;
1	Hệ thống thuê xe trực tuyến	Nền tảng thuê xe nhanh chóng, tiện lợi và đáng tin cậy.	Đặt xe ngay	/car-types/		Nhiều loại xe đa dạng	Cung cấp nhiều loại xe phù hợp cho mọi nhu cầu.	Đặt xe nhanh chóng	Giao diện đơn giản, dễ sử dụng chỉ trong vài bước.	Thông tin minh bạch	Hiển thị đầy đủ thông tin xe và giá thuê rõ ràng.	Tin Tức	Các bài viết mới nhất từ hệ thống
\.


--
-- TOC entry 6071 (class 0 OID 27963)
-- Dependencies: 265
-- Data for Name: rental_newssection; Type: TABLE DATA; Schema: public; Owner: postgres
--

COPY public.rental_newssection (id, title, thumbnail, content, created_at, updated_at, is_published) FROM stdin;
1	Giá xăng đạt mức trần kỉ lục trong 6 tháng vừa qua, giá thuê xe liệu có tăng theo	news/giaxangtang.jpg	<p>Trong bối cảnh thị trường năng lượng biến động mạnh, gi&aacute; xăng dầu trong nước li&ecirc;n tục điều chỉnh v&agrave; vừa ch&iacute;nh thức chạm mức trần kỷ lục trong v&ograve;ng 6 th&aacute;ng qua. &Aacute;p lực n&agrave;y đ&atilde; dấy l&ecirc;n mối lo ngại lớn cho kh&aacute;ch h&agrave;ng về việc chi ph&iacute; di chuyển v&agrave; gi&aacute; thu&ecirc; xe du lịch sẽ bị đội l&ecirc;n cao. Tuy nhi&ecirc;n, tr&aacute;i ngược với xu hướng tăng gi&aacute; của thị trường vận tải, ch&uacute;ng t&ocirc;i cam kết <strong>giữ nguy&ecirc;n bảng gi&aacute; thu&ecirc; xe</strong> hiện h&agrave;nh.</p>\r\n\r\n<p>Sở dĩ gi&aacute; thu&ecirc; xe kh&ocirc;ng tăng theo gi&aacute; xăng l&agrave; bởi ch&uacute;ng t&ocirc;i đ&atilde; chủ động tối ưu h&oacute;a quy tr&igrave;nh quản l&yacute; vận h&agrave;nh v&agrave; &aacute;p dụng c&aacute;c g&oacute;i bảo tr&igrave; định kỳ gi&uacute;p xe hoạt động tiết kiệm nhi&ecirc;n liệu nhất. B&ecirc;n cạnh đ&oacute;, việc giữ vững mức gi&aacute; b&igrave;nh ổn ch&iacute;nh l&agrave; nỗ lực của hệ thống nhằm chia sẻ &aacute;p lực t&agrave;i ch&iacute;nh với kh&aacute;ch h&agrave;ng, đảm bảo mọi h&agrave;nh tr&igrave;nh của bạn vẫn diễn ra trọn vẹn v&agrave; kinh tế nhất ngay cả trong thời điểm b&atilde;o gi&aacute;.</p>	2026-04-20 13:12:15.167587+07	2026-04-20 13:12:15.167611+07	t
2	Top 10 xe bạn nên đi thử ít nhất 1 lần	news/12893041638200313.png	<p>Bạn đang ph&acirc;n v&acirc;n kh&ocirc;ng biết n&ecirc;n chọn người bạn đồng h&agrave;nh n&agrave;o cho h&agrave;nh tr&igrave;nh sắp tới? Dưới đ&acirc;y l&agrave; danh s&aacute;ch 5 mẫu xe &quot;quốc d&acirc;n&quot; lu&ocirc;n dẫn đầu lượt thu&ecirc; nhờ t&iacute;nh tiện dụng v&agrave; trải nghiệm l&aacute;i th&uacute; vị:</p>\r\n\r\n<ol>\r\n\t<li>\r\n\t<p><strong>VinFast VF3 &ndash; &quot;Ng&ocirc;i sao&quot; xe điện cỡ nhỏ</strong></p>\r\n\tĐ&acirc;y l&agrave; mẫu xe điện &quot;hot&quot; nhất hiện nay. Trải nghiệm cảm gi&aacute;c l&aacute;i &ecirc;m &aacute;i, kh&ocirc;ng tiếng ồn động cơ v&agrave; cực kỳ dễ xoay xở trong c&aacute;c con ng&otilde; nhỏ của đ&ocirc; thị. H&atilde;y thử để cảm nhận tương lai của xe điện!</li>\r\n\t<li>\r\n\t<p><strong>Honda Vision &ndash; &quot;Nữ ho&agrave;ng&quot; xe tay ga</strong></p>\r\n\tThiết kế thời trang, trọng lượng nhẹ v&agrave; cực kỳ t&ocirc;n d&aacute;ng. Đ&acirc;y l&agrave; lựa chọn số 1 cho c&aacute;c bạn trẻ cần một phương tiện linh hoạt, sang chảnh để dạo phố hoặc đi l&agrave;m h&agrave;ng ng&agrave;y.</li>\r\n\t<li>\r\n\t<p><strong>Kia Morning &ndash; Nhỏ gọn nhưng đầy đủ tiện nghi</strong></p>\r\n\tL&agrave; mẫu xe &ocirc; t&ocirc; hạng A phổ biến nhất. Điểm cộng l&agrave; v&ocirc; lăng nhẹ, dễ điều khiển v&agrave; tiết kiệm xăng tuyệt vời. Rất ph&ugrave; hợp cho những người mới l&aacute;i hoặc gia đ&igrave;nh nhỏ đi d&atilde; ngoại cuối tuần.</li>\r\n\t<li>\r\n\t<p><strong>Honda Wave Alpha &ndash; Sự bền bỉ vượt thời gian</strong></p>\r\n\tNếu bạn cần một chuyến &quot;phượt&quot; nhẹ nh&agrave;ng với chi ph&iacute; tối ưu nhất, Wave Alpha ch&iacute;nh l&agrave; lựa chọn. Xe vận h&agrave;nh cực kỳ ổn định tr&ecirc;n mọi địa h&igrave;nh v&agrave; mức ti&ecirc;u hao nhi&ecirc;n liệu thấp đến kinh ngạc.</li>\r\n\t<li>\r\n\t<p><strong>Toyota Wigo &ndash; Thực dụng v&agrave; an to&agrave;n</strong></p>\r\n\tĐại diện đến từ Nhật Bản nổi tiếng với kh&ocirc;ng gian nội thất rộng r&atilde;i bất ngờ so với vẻ ngo&agrave;i. Xe c&oacute; khung gầm chắc chắn, mang lại cảm gi&aacute;c an t&acirc;m v&agrave; ổn định cho những chuyến đi xa hơn một ch&uacute;t.</li>\r\n</ol>	2026-04-20 13:18:26.849792+07	2026-04-20 13:18:26.849809+07	t
3	Bỏ túi những lưu ý "vàng" khi lần đầu thuê xe trực tuyến	news/wondering_illustration.jpg	<p>Việc thu&ecirc; xe qua ứng dụng mang lại sự tiện lợi v&agrave; chủ động, nhưng để c&oacute; một h&agrave;nh tr&igrave;nh su&ocirc;n sẻ v&agrave; tr&aacute;nh những khoản ph&iacute; ph&aacute;t sinh kh&ocirc;ng đ&aacute;ng c&oacute;, bạn cần lưu &yacute; những quy định quan trọng sau:</p>\r\n\r\n<ul>\r\n\t<li>\r\n\t<p><strong>Tu&acirc;n thủ phạm vi hoạt động (V&ugrave;ng xanh):</strong> Đ&acirc;y l&agrave; lưu &yacute; quan trọng nhất. Tr&ecirc;n bản đồ định vị của ứng dụng, bạn sẽ thấy một <strong>v&ugrave;ng tr&ograve;n m&agrave;u xanh</strong>. H&atilde;y đảm bảo xe lu&ocirc;n di chuyển trong phạm vi n&agrave;y. Nếu bạn điều khiển xe ra khỏi v&ugrave;ng xanh, hệ thống sẽ tự động ghi nhận v&agrave; &aacute;p dụng <strong>phụ ph&iacute; ngo&agrave;i v&ugrave;ng</strong> do việc quản l&yacute; v&agrave; hỗ trợ kỹ thuật trở n&ecirc;n kh&oacute; khăn hơn.</p>\r\n\t</li>\r\n\t<li>\r\n\t<p><strong>Kiểm tra ngoại quan xe khi nhận:</strong> Trước khi bắt đầu chuyến đi, h&atilde;y d&agrave;nh 2 ph&uacute;t để chụp ảnh hoặc quay video quanh xe. Điều n&agrave;y gi&uacute;p bảo vệ quyền lợi của bạn, chứng minh c&aacute;c vết trầy xước (nếu c&oacute;) đ&atilde; tồn tại từ trước đ&oacute;.</p>\r\n\t</li>\r\n\t<li>\r\n\t<p><strong>Kiểm tra mức nhi&ecirc;n liệu/pin:</strong> H&atilde;y đối chiếu mức xăng hoặc dung lượng pin thực tế với th&ocirc;ng số hiển thị tr&ecirc;n app. Nếu c&oacute; sự sai lệch lớn, h&atilde;y b&aacute;o ngay cho bộ phận hỗ trợ để tr&aacute;nh bị t&iacute;nh ph&iacute; nạp nhi&ecirc;n liệu khi trả xe.</p>\r\n\t</li>\r\n\t<li>\r\n\t<p><strong>Quy định về thời gian:</strong> Lu&ocirc;n ch&uacute; &yacute; thời gian trả xe để tr&aacute;nh ph&iacute; qu&aacute; giờ. Nếu muốn gia hạn, h&atilde;y thực hiện thao t&aacute;c tr&ecirc;n ứng dụng trước &iacute;t nhất 30 ph&uacute;t so với giờ hẹn trả ban đầu.</p>\r\n\t</li>\r\n\t<li>\r\n\t<p><strong>Giữ g&igrave;n vệ sinh nội thất:</strong> Tr&aacute;nh h&uacute;t thuốc hoặc mang th&uacute; cưng l&ecirc;n xe nếu kh&ocirc;ng c&oacute; t&uacute;i vận chuyển chuy&ecirc;n dụng. Việc để lại m&ugrave;i hoặc vết bẩn kh&oacute; xử l&yacute; c&oacute; thể khiến bạn mất th&ecirc;m ph&iacute; vệ sinh c&ocirc;ng nghiệp.</p>\r\n\t</li>\r\n</ul>	2026-04-20 13:58:02.090293+07	2026-04-20 13:58:02.090307+07	t
4	Những tuyến đường nên tránh nếu bạn là lái mới	news/new_driver.jpg	<ul>\r\n\t<li>\r\n\t<p><strong>Đường C&aacute;ch Mạng Th&aacute;ng T&aacute;m (Đoạn từ v&ograve;ng xoay D&acirc;n Chủ đến Ng&atilde; s&aacute;u Ph&ugrave; Đổng):</strong></p>\r\n\tĐ&acirc;y l&agrave; &quot;điểm đen&quot; kẹt xe v&agrave;o mọi khung giờ cao điểm. L&ograve;ng đường hẹp nhưng lưu lượng xe cực lớn, dễ khiến bạn mệt mỏi v&agrave; chậm giờ trả xe.</li>\r\n\t<li>\r\n\t<p><strong>Đường T&ocirc;n Đức Thắng (Đoạn dọc c&ocirc;ng vi&ecirc;n Bạch Đằng):</strong></p>\r\n\tKhu vực n&agrave;y thường xuy&ecirc;n tổ chức sự kiện v&agrave; c&oacute; nhiều r&agrave;o chắn thi c&ocirc;ng (t&ugrave;y thời điểm). Ngo&agrave;i ra, c&aacute;c lối rẽ từ cầu Ba Son xuống rất dễ g&acirc;y nhầm lẫn l&agrave;n đường cho người mới l&aacute;i.</li>\r\n\t<li>\r\n\t<p><strong>Giao lộ Ng&atilde; s&aacute;u Cộng H&ograve;a:</strong></p>\r\n\tĐ&acirc;y l&agrave; n&uacute;t giao của nhiều trục đường lớn như Nguyễn Văn Cừ, H&ugrave;ng Vương, L&yacute; Th&aacute;i Tổ. Giao th&ocirc;ng ở đ&acirc;y cực kỳ hỗn loạn v&agrave;o giờ tan tầm v&agrave; biển b&aacute;o ph&acirc;n l&agrave;n kh&aacute; lắt l&eacute;o.</li>\r\n\t<li>\r\n\t<p><strong>C&aacute;c tuyến đường một chiều như Nguyễn Du, L&yacute; Tự Trọng:</strong></p>\r\n\tD&ugrave; kh&ocirc;ng qu&aacute; kẹt xe nhưng đ&acirc;y l&agrave; những tuyến đường rất dễ bị &quot;phạt nguội&quot; nếu bạn lỡ đi ngược chiều hoặc rẽ sai quy định do chưa quen đường.</li>\r\n\t<li>\r\n\t<p><strong>Khu vực quanh chợ Bến Th&agrave;nh (L&ecirc; Lai, Phan Chu Trinh):</strong></p>\r\n\tLượng kh&aacute;ch du lịch đi bộ rất đ&ocirc;ng v&agrave; c&aacute;c xe đ&oacute;n trả kh&aacute;ch li&ecirc;n tục. Việc t&igrave;m chỗ dừng đỗ xe tại đ&acirc;y gần như l&agrave; kh&ocirc;ng thể v&agrave; rất dễ bị lực lượng chức năng xử phạt.</li>\r\n</ul>	2026-04-20 14:02:43.498401+07	2026-04-20 14:02:43.498434+07	t
\.


--
-- TOC entry 6065 (class 0 OID 27914)
-- Dependencies: 259
-- Data for Name: rental_review; Type: TABLE DATA; Schema: public; Owner: postgres
--

COPY public.rental_review (id, rating, comment, created_at, updated_at, booking_history_id, car_id, user_id) FROM stdin;
2	5	Vãi, xe VinFast mà cũng cho thuê được, real ko vậy	2026-04-20 14:20:35.608245+07	2026-04-20 14:20:35.608269+07	30	9	9
\.


--
-- TOC entry 6067 (class 0 OID 27924)
-- Dependencies: 261
-- Data for Name: rental_reviewimage; Type: TABLE DATA; Schema: public; Owner: postgres
--

COPY public.rental_reviewimage (id, image, created_at, review_id) FROM stdin;
2	reviews/surprsise_icon.png	2026-04-20 14:20:35.629417+07	2
\.


--
-- TOC entry 6056 (class 0 OID 27114)
-- Dependencies: 250
-- Data for Name: rental_safezone; Type: TABLE DATA; Schema: public; Owner: postgres
--

COPY public.rental_safezone (id, name, area) FROM stdin;
\.


--
-- TOC entry 6058 (class 0 OID 27120)
-- Dependencies: 252
-- Data for Name: rental_station; Type: TABLE DATA; Schema: public; Owner: postgres
--

COPY public.rental_station (id, name, area, capacity) FROM stdin;
2	Trạm Bến Thành Cố Định	0103000020E6100000010000000500000037F8C264AAAC5A400AF9A067B38A25409B559FABADAC5A400AF9A067B38A25409B559FABADAC5A4026E4839ECD8A254037F8C264AAAC5A4026E4839ECD8A254037F8C264AAAC5A400AF9A067B38A2540	50
3	Trạm Biên Hòa	0103000020E6100000010000002100000087FD9E58A7B45A40CDB051D66FE62540932A5330A7B45A4047233F0D63E625402320FCB8A6B45A4028DDF4C156E625406AED2FF7A5B45A408DB5656D4BE625400E2461F2A4B45A40CF30097F41E62540769395B4A3B45A40EFE5925839E6254083AE034AA2B45A402450314A33E62540BF659AC0A0B45A40A5FC788F2FE625400E1478279FB45A4006651A4D2EE625405DC2558E9DB45A40A5FC788F2FE625409979EC049CB45A402450314A33E62540A6945A9A9AB45A40EFE5925839E625400E048F5C99B45A40CF30097F41E62540B23AC05798B45A408DB5656D4BE62540F907F49597B45A4028DDF4C156E6254089FD9C1E97B45A4047233F0D63E62540952A51F696B45A40CDB051D66FE6254089FD9C1E97B45A40533E649F7CE62540F907F49597B45A407284AEEA88E62540B23AC05798B45A400DAC3D3F94E625400E048F5C99B45A40CB309A2D9EE62540A6945A9A9AB45A40AB7B1054A6E625409979EC049CB45A4076117262ACE625405DC2558E9DB45A40F5642A1DB0E625400E1478279FB45A4094FC885FB1E62540BF659AC0A0B45A40F5642A1DB0E6254083AE034AA2B45A4076117262ACE62540769395B4A3B45A40AB7B1054A6E625400E2461F2A4B45A40CB309A2D9EE625406AED2FF7A5B45A400DAC3D3F94E625402320FCB8A6B45A407284AEEA88E62540932A5330A7B45A40533E649F7CE6254087FD9E58A7B45A40CDB051D66FE62540	10
5	Trạm An Phú Đông	0103000020E610000001000000210000000952297634AC5A40CE3461FBC9B82540157FDD4D34AC5A4048A74E32BDB82540A57486D633AC5A40296104E7B0B82540EC41BA1433AC5A408E397592A5B825409078EB0F32AC5A40D0B418A49BB82540F8E71FD230AC5A40F069A27D93B8254005038E672FAC5A4025D4406F8DB8254041BA24DE2DAC5A40A68088B489B82540906802452CAC5A4007E9297288B82540DF16E0AB2AAC5A40A68088B489B825401BCE762229AC5A4025D4406F8DB8254028E9E4B727AC5A40F069A27D93B825409058197A26AC5A40D0B418A49BB82540348F4A7525AC5A408E397592A5B825407B5C7EB324AC5A40296104E7B0B825400B52273C24AC5A4048A74E32BDB82540177FDB1324AC5A40CE3461FBC9B825400B52273C24AC5A4054C273C4D6B825407B5C7EB324AC5A407308BE0FE3B82540348F4A7525AC5A400E304D64EEB825409058197A26AC5A40CCB4A952F8B8254028E9E4B727AC5A40ACFF1F7900B925401BCE762229AC5A407795818706B92540DF16E0AB2AAC5A40F6E839420AB92540906802452CAC5A40958098840BB9254041BA24DE2DAC5A40F6E839420AB9254005038E672FAC5A407795818706B92540F8E71FD230AC5A40ACFF1F7900B925409078EB0F32AC5A40CCB4A952F8B82540EC41BA1433AC5A400E304D64EEB82540A57486D633AC5A407308BE0FE3B82540157FDD4D34AC5A4054C273C4D6B825400952297634AC5A40CE3461FBC9B82540	20
6	Trạm Cù Lao Phố	0103000020E610000001000000210000001494A2957BB55A40C5CBD3B9A2DC254020C1566D7BB55A403F3EC1F095DC2540B0B6FFF57AB55A4020F876A589DC2540F78333347AB55A4085D0E7507EDC25409BBA642F79B55A40C74B8B6274DC2540032A99F177B55A40E700153C6CDC25401045078776B55A401C6BB32D66DC25404CFC9DFD74B55A409D17FB7262DC25409BAA7B6473B55A40FE7F9C3061DC2540EA5859CB71B55A409D17FB7262DC25402610F04170B55A401C6BB32D66DC2540332B5ED76EB55A40E700153C6CDC25409B9A92996DB55A40C74B8B6274DC25403FD1C3946CB55A4085D0E7507EDC2540869EF7D26BB55A4020F876A589DC25401694A05B6BB55A403F3EC1F095DC254022C154336BB55A40C5CBD3B9A2DC25401694A05B6BB55A404B59E682AFDC2540869EF7D26BB55A406A9F30CEBBDC25403FD1C3946CB55A4005C7BF22C7DC25409B9A92996DB55A40C34B1C11D1DC2540332B5ED76EB55A40A3969237D9DC25402610F04170B55A406E2CF445DFDC2540EA5859CB71B55A40ED7FAC00E3DC25409BAA7B6473B55A408C170B43E4DC25404CFC9DFD74B55A40ED7FAC00E3DC25401045078776B55A406E2CF445DFDC2540032A99F177B55A40A3969237D9DC25409BBA642F79B55A40C34B1C11D1DC2540F78333347AB55A4005C7BF22C7DC2540B0B6FFF57AB55A406A9F30CEBBDC254020C1566D7BB55A404B59E682AFDC25401494A2957BB55A40C5CBD3B9A2DC2540	40
\.


--
-- TOC entry 6060 (class 0 OID 27126)
-- Dependencies: 254
-- Data for Name: rental_usercustom; Type: TABLE DATA; Schema: public; Owner: postgres
--

COPY public.rental_usercustom (id, username, password, "IRL_name", role, book_day, email, phone_number, order_status, pickup_day, is_active, last_login) FROM stdin;
3	Alt1	123	Alt1	guest	\N	\N	\N	pending	\N	f	\N
4	Guest2	123	Guest2	guest	\N	Guest2v@gmail.com	\N	pending	\N	f	\N
1	admin	123		admin	\N	\N	\N	pending	\N	f	\N
2	guest	123	Guest	guest	2026-04-08 17:26:56.883881+07	Guest@gmail.com	0978745634	pending	2026-04-11 03:29:00+07	f	\N
8	Alt5	123	Alt5	guest	\N	Alt5@gmail.com	\N	pending	\N	t	\N
9	Alt6	123	Alt6	guest	2026-04-20 14:18:00.451798+07	Alt6@gmail.com	0978745634	confirmed	2026-04-22 01:21:00+07	t	\N
\.


--
-- TOC entry 5758 (class 0 OID 26284)
-- Dependencies: 219
-- Data for Name: spatial_ref_sys; Type: TABLE DATA; Schema: public; Owner: postgres
--

COPY public.spatial_ref_sys (srid, auth_name, auth_srid, srtext, proj4text) FROM stdin;
\.


--
-- TOC entry 6078 (class 0 OID 0)
-- Dependencies: 224
-- Name: auth_group_id_seq; Type: SEQUENCE SET; Schema: public; Owner: postgres
--

SELECT pg_catalog.setval('public.auth_group_id_seq', 1, false);


--
-- TOC entry 6079 (class 0 OID 0)
-- Dependencies: 226
-- Name: auth_group_permissions_id_seq; Type: SEQUENCE SET; Schema: public; Owner: postgres
--

SELECT pg_catalog.setval('public.auth_group_permissions_id_seq', 1, false);


--
-- TOC entry 6080 (class 0 OID 0)
-- Dependencies: 228
-- Name: auth_permission_id_seq; Type: SEQUENCE SET; Schema: public; Owner: postgres
--

SELECT pg_catalog.setval('public.auth_permission_id_seq', 84, true);


--
-- TOC entry 6081 (class 0 OID 0)
-- Dependencies: 231
-- Name: auth_user_groups_id_seq; Type: SEQUENCE SET; Schema: public; Owner: postgres
--

SELECT pg_catalog.setval('public.auth_user_groups_id_seq', 1, false);


--
-- TOC entry 6082 (class 0 OID 0)
-- Dependencies: 232
-- Name: auth_user_id_seq; Type: SEQUENCE SET; Schema: public; Owner: postgres
--

SELECT pg_catalog.setval('public.auth_user_id_seq', 2, true);


--
-- TOC entry 6083 (class 0 OID 0)
-- Dependencies: 234
-- Name: auth_user_user_permissions_id_seq; Type: SEQUENCE SET; Schema: public; Owner: postgres
--

SELECT pg_catalog.setval('public.auth_user_user_permissions_id_seq', 1, false);


--
-- TOC entry 6084 (class 0 OID 0)
-- Dependencies: 236
-- Name: django_admin_log_id_seq; Type: SEQUENCE SET; Schema: public; Owner: postgres
--

SELECT pg_catalog.setval('public.django_admin_log_id_seq', 1, false);


--
-- TOC entry 6085 (class 0 OID 0)
-- Dependencies: 238
-- Name: django_content_type_id_seq; Type: SEQUENCE SET; Schema: public; Owner: postgres
--

SELECT pg_catalog.setval('public.django_content_type_id_seq', 21, true);


--
-- TOC entry 6086 (class 0 OID 0)
-- Dependencies: 240
-- Name: django_migrations_id_seq; Type: SEQUENCE SET; Schema: public; Owner: postgres
--

SELECT pg_catalog.setval('public.django_migrations_id_seq', 44, true);


--
-- TOC entry 6087 (class 0 OID 0)
-- Dependencies: 243
-- Name: rental_bookinghistory_id_seq; Type: SEQUENCE SET; Schema: public; Owner: postgres
--

SELECT pg_catalog.setval('public.rental_bookinghistory_id_seq', 30, true);


--
-- TOC entry 6088 (class 0 OID 0)
-- Dependencies: 245
-- Name: rental_car_id_seq; Type: SEQUENCE SET; Schema: public; Owner: postgres
--

SELECT pg_catalog.setval('public.rental_car_id_seq', 23, true);


--
-- TOC entry 6089 (class 0 OID 0)
-- Dependencies: 256
-- Name: rental_cargalleryimage_id_seq; Type: SEQUENCE SET; Schema: public; Owner: postgres
--

SELECT pg_catalog.setval('public.rental_cargalleryimage_id_seq', 10, true);


--
-- TOC entry 6090 (class 0 OID 0)
-- Dependencies: 247
-- Name: rental_cartype_id_seq; Type: SEQUENCE SET; Schema: public; Owner: postgres
--

SELECT pg_catalog.setval('public.rental_cartype_id_seq', 5, true);


--
-- TOC entry 6091 (class 0 OID 0)
-- Dependencies: 249
-- Name: rental_gpslog_id_seq; Type: SEQUENCE SET; Schema: public; Owner: postgres
--

SELECT pg_catalog.setval('public.rental_gpslog_id_seq', 6222, true);


--
-- TOC entry 6092 (class 0 OID 0)
-- Dependencies: 262
-- Name: rental_homepagecontent_id_seq; Type: SEQUENCE SET; Schema: public; Owner: postgres
--

SELECT pg_catalog.setval('public.rental_homepagecontent_id_seq', 1, false);


--
-- TOC entry 6093 (class 0 OID 0)
-- Dependencies: 264
-- Name: rental_newssection_id_seq; Type: SEQUENCE SET; Schema: public; Owner: postgres
--

SELECT pg_catalog.setval('public.rental_newssection_id_seq', 4, true);


--
-- TOC entry 6094 (class 0 OID 0)
-- Dependencies: 258
-- Name: rental_review_id_seq; Type: SEQUENCE SET; Schema: public; Owner: postgres
--

SELECT pg_catalog.setval('public.rental_review_id_seq', 2, true);


--
-- TOC entry 6095 (class 0 OID 0)
-- Dependencies: 260
-- Name: rental_reviewimage_id_seq; Type: SEQUENCE SET; Schema: public; Owner: postgres
--

SELECT pg_catalog.setval('public.rental_reviewimage_id_seq', 2, true);


--
-- TOC entry 6096 (class 0 OID 0)
-- Dependencies: 251
-- Name: rental_safezone_id_seq; Type: SEQUENCE SET; Schema: public; Owner: postgres
--

SELECT pg_catalog.setval('public.rental_safezone_id_seq', 1, false);


--
-- TOC entry 6097 (class 0 OID 0)
-- Dependencies: 253
-- Name: rental_station_id_seq; Type: SEQUENCE SET; Schema: public; Owner: postgres
--

SELECT pg_catalog.setval('public.rental_station_id_seq', 7, true);


--
-- TOC entry 6098 (class 0 OID 0)
-- Dependencies: 255
-- Name: rental_usercustom_id_seq; Type: SEQUENCE SET; Schema: public; Owner: postgres
--

SELECT pg_catalog.setval('public.rental_usercustom_id_seq', 9, true);


--
-- TOC entry 5766 (class 2606 OID 27133)
-- Name: auth_group auth_group_name_key; Type: CONSTRAINT; Schema: public; Owner: postgres
--

ALTER TABLE ONLY public.auth_group
    ADD CONSTRAINT auth_group_name_key UNIQUE (name);


--
-- TOC entry 5771 (class 2606 OID 27135)
-- Name: auth_group_permissions auth_group_permissions_group_id_permission_id_0cd325b0_uniq; Type: CONSTRAINT; Schema: public; Owner: postgres
--

ALTER TABLE ONLY public.auth_group_permissions
    ADD CONSTRAINT auth_group_permissions_group_id_permission_id_0cd325b0_uniq UNIQUE (group_id, permission_id);


--
-- TOC entry 5774 (class 2606 OID 27137)
-- Name: auth_group_permissions auth_group_permissions_pkey; Type: CONSTRAINT; Schema: public; Owner: postgres
--

ALTER TABLE ONLY public.auth_group_permissions
    ADD CONSTRAINT auth_group_permissions_pkey PRIMARY KEY (id);


--
-- TOC entry 5768 (class 2606 OID 27139)
-- Name: auth_group auth_group_pkey; Type: CONSTRAINT; Schema: public; Owner: postgres
--

ALTER TABLE ONLY public.auth_group
    ADD CONSTRAINT auth_group_pkey PRIMARY KEY (id);


--
-- TOC entry 5777 (class 2606 OID 27141)
-- Name: auth_permission auth_permission_content_type_id_codename_01ab375a_uniq; Type: CONSTRAINT; Schema: public; Owner: postgres
--

ALTER TABLE ONLY public.auth_permission
    ADD CONSTRAINT auth_permission_content_type_id_codename_01ab375a_uniq UNIQUE (content_type_id, codename);


--
-- TOC entry 5779 (class 2606 OID 27143)
-- Name: auth_permission auth_permission_pkey; Type: CONSTRAINT; Schema: public; Owner: postgres
--

ALTER TABLE ONLY public.auth_permission
    ADD CONSTRAINT auth_permission_pkey PRIMARY KEY (id);


--
-- TOC entry 5787 (class 2606 OID 27145)
-- Name: auth_user_groups auth_user_groups_pkey; Type: CONSTRAINT; Schema: public; Owner: postgres
--

ALTER TABLE ONLY public.auth_user_groups
    ADD CONSTRAINT auth_user_groups_pkey PRIMARY KEY (id);


--
-- TOC entry 5790 (class 2606 OID 27147)
-- Name: auth_user_groups auth_user_groups_user_id_group_id_94350c0c_uniq; Type: CONSTRAINT; Schema: public; Owner: postgres
--

ALTER TABLE ONLY public.auth_user_groups
    ADD CONSTRAINT auth_user_groups_user_id_group_id_94350c0c_uniq UNIQUE (user_id, group_id);


--
-- TOC entry 5781 (class 2606 OID 27149)
-- Name: auth_user auth_user_pkey; Type: CONSTRAINT; Schema: public; Owner: postgres
--

ALTER TABLE ONLY public.auth_user
    ADD CONSTRAINT auth_user_pkey PRIMARY KEY (id);


--
-- TOC entry 5793 (class 2606 OID 27151)
-- Name: auth_user_user_permissions auth_user_user_permissions_pkey; Type: CONSTRAINT; Schema: public; Owner: postgres
--

ALTER TABLE ONLY public.auth_user_user_permissions
    ADD CONSTRAINT auth_user_user_permissions_pkey PRIMARY KEY (id);


--
-- TOC entry 5796 (class 2606 OID 27153)
-- Name: auth_user_user_permissions auth_user_user_permissions_user_id_permission_id_14a6b632_uniq; Type: CONSTRAINT; Schema: public; Owner: postgres
--

ALTER TABLE ONLY public.auth_user_user_permissions
    ADD CONSTRAINT auth_user_user_permissions_user_id_permission_id_14a6b632_uniq UNIQUE (user_id, permission_id);


--
-- TOC entry 5784 (class 2606 OID 27155)
-- Name: auth_user auth_user_username_key; Type: CONSTRAINT; Schema: public; Owner: postgres
--

ALTER TABLE ONLY public.auth_user
    ADD CONSTRAINT auth_user_username_key UNIQUE (username);


--
-- TOC entry 5799 (class 2606 OID 27157)
-- Name: django_admin_log django_admin_log_pkey; Type: CONSTRAINT; Schema: public; Owner: postgres
--

ALTER TABLE ONLY public.django_admin_log
    ADD CONSTRAINT django_admin_log_pkey PRIMARY KEY (id);


--
-- TOC entry 5802 (class 2606 OID 27159)
-- Name: django_content_type django_content_type_app_label_model_76bd3d3b_uniq; Type: CONSTRAINT; Schema: public; Owner: postgres
--

ALTER TABLE ONLY public.django_content_type
    ADD CONSTRAINT django_content_type_app_label_model_76bd3d3b_uniq UNIQUE (app_label, model);


--
-- TOC entry 5804 (class 2606 OID 27161)
-- Name: django_content_type django_content_type_pkey; Type: CONSTRAINT; Schema: public; Owner: postgres
--

ALTER TABLE ONLY public.django_content_type
    ADD CONSTRAINT django_content_type_pkey PRIMARY KEY (id);


--
-- TOC entry 5806 (class 2606 OID 27163)
-- Name: django_migrations django_migrations_pkey; Type: CONSTRAINT; Schema: public; Owner: postgres
--

ALTER TABLE ONLY public.django_migrations
    ADD CONSTRAINT django_migrations_pkey PRIMARY KEY (id);


--
-- TOC entry 5809 (class 2606 OID 27165)
-- Name: django_session django_session_pkey; Type: CONSTRAINT; Schema: public; Owner: postgres
--

ALTER TABLE ONLY public.django_session
    ADD CONSTRAINT django_session_pkey PRIMARY KEY (session_key);


--
-- TOC entry 5814 (class 2606 OID 27167)
-- Name: rental_bookinghistory rental_bookinghistory_pkey; Type: CONSTRAINT; Schema: public; Owner: postgres
--

ALTER TABLE ONLY public.rental_bookinghistory
    ADD CONSTRAINT rental_bookinghistory_pkey PRIMARY KEY (id);


--
-- TOC entry 5821 (class 2606 OID 27169)
-- Name: rental_car rental_car_license_plate_key; Type: CONSTRAINT; Schema: public; Owner: postgres
--

ALTER TABLE ONLY public.rental_car
    ADD CONSTRAINT rental_car_license_plate_key UNIQUE (license_plate);


--
-- TOC entry 5823 (class 2606 OID 27171)
-- Name: rental_car rental_car_pkey; Type: CONSTRAINT; Schema: public; Owner: postgres
--

ALTER TABLE ONLY public.rental_car
    ADD CONSTRAINT rental_car_pkey PRIMARY KEY (id);


--
-- TOC entry 5843 (class 2606 OID 27906)
-- Name: rental_cargalleryimage rental_cargalleryimage_pkey; Type: CONSTRAINT; Schema: public; Owner: postgres
--

ALTER TABLE ONLY public.rental_cargalleryimage
    ADD CONSTRAINT rental_cargalleryimage_pkey PRIMARY KEY (id);


--
-- TOC entry 5825 (class 2606 OID 27173)
-- Name: rental_cartype rental_cartype_pkey; Type: CONSTRAINT; Schema: public; Owner: postgres
--

ALTER TABLE ONLY public.rental_cartype
    ADD CONSTRAINT rental_cartype_pkey PRIMARY KEY (id);


--
-- TOC entry 5829 (class 2606 OID 27175)
-- Name: rental_gpslog rental_gpslog_pkey; Type: CONSTRAINT; Schema: public; Owner: postgres
--

ALTER TABLE ONLY public.rental_gpslog
    ADD CONSTRAINT rental_gpslog_pkey PRIMARY KEY (id);


--
-- TOC entry 5856 (class 2606 OID 27961)
-- Name: rental_homepagecontent rental_homepagecontent_pkey; Type: CONSTRAINT; Schema: public; Owner: postgres
--

ALTER TABLE ONLY public.rental_homepagecontent
    ADD CONSTRAINT rental_homepagecontent_pkey PRIMARY KEY (id);


--
-- TOC entry 5858 (class 2606 OID 27969)
-- Name: rental_newssection rental_newssection_pkey; Type: CONSTRAINT; Schema: public; Owner: postgres
--

ALTER TABLE ONLY public.rental_newssection
    ADD CONSTRAINT rental_newssection_pkey PRIMARY KEY (id);


--
-- TOC entry 5845 (class 2606 OID 27930)
-- Name: rental_review rental_review_booking_history_id_61af7522_uniq; Type: CONSTRAINT; Schema: public; Owner: postgres
--

ALTER TABLE ONLY public.rental_review
    ADD CONSTRAINT rental_review_booking_history_id_61af7522_uniq UNIQUE (booking_history_id);


--
-- TOC entry 5847 (class 2606 OID 27922)
-- Name: rental_review rental_review_booking_history_id_key; Type: CONSTRAINT; Schema: public; Owner: postgres
--

ALTER TABLE ONLY public.rental_review
    ADD CONSTRAINT rental_review_booking_history_id_key UNIQUE (booking_history_id);


--
-- TOC entry 5850 (class 2606 OID 27920)
-- Name: rental_review rental_review_pkey; Type: CONSTRAINT; Schema: public; Owner: postgres
--

ALTER TABLE ONLY public.rental_review
    ADD CONSTRAINT rental_review_pkey PRIMARY KEY (id);


--
-- TOC entry 5853 (class 2606 OID 27928)
-- Name: rental_reviewimage rental_reviewimage_pkey; Type: CONSTRAINT; Schema: public; Owner: postgres
--

ALTER TABLE ONLY public.rental_reviewimage
    ADD CONSTRAINT rental_reviewimage_pkey PRIMARY KEY (id);


--
-- TOC entry 5832 (class 2606 OID 27177)
-- Name: rental_safezone rental_safezone_pkey; Type: CONSTRAINT; Schema: public; Owner: postgres
--

ALTER TABLE ONLY public.rental_safezone
    ADD CONSTRAINT rental_safezone_pkey PRIMARY KEY (id);


--
-- TOC entry 5835 (class 2606 OID 27179)
-- Name: rental_station rental_station_pkey; Type: CONSTRAINT; Schema: public; Owner: postgres
--

ALTER TABLE ONLY public.rental_station
    ADD CONSTRAINT rental_station_pkey PRIMARY KEY (id);


--
-- TOC entry 5837 (class 2606 OID 27181)
-- Name: rental_usercustom rental_usercustom_pkey; Type: CONSTRAINT; Schema: public; Owner: postgres
--

ALTER TABLE ONLY public.rental_usercustom
    ADD CONSTRAINT rental_usercustom_pkey PRIMARY KEY (id);


--
-- TOC entry 5840 (class 2606 OID 27183)
-- Name: rental_usercustom rental_usercustom_username_key; Type: CONSTRAINT; Schema: public; Owner: postgres
--

ALTER TABLE ONLY public.rental_usercustom
    ADD CONSTRAINT rental_usercustom_username_key UNIQUE (username);


--
-- TOC entry 5764 (class 1259 OID 27184)
-- Name: auth_group_name_a6ea08ec_like; Type: INDEX; Schema: public; Owner: postgres
--

CREATE INDEX auth_group_name_a6ea08ec_like ON public.auth_group USING btree (name varchar_pattern_ops);


--
-- TOC entry 5769 (class 1259 OID 27185)
-- Name: auth_group_permissions_group_id_b120cbf9; Type: INDEX; Schema: public; Owner: postgres
--

CREATE INDEX auth_group_permissions_group_id_b120cbf9 ON public.auth_group_permissions USING btree (group_id);


--
-- TOC entry 5772 (class 1259 OID 27186)
-- Name: auth_group_permissions_permission_id_84c5c92e; Type: INDEX; Schema: public; Owner: postgres
--

CREATE INDEX auth_group_permissions_permission_id_84c5c92e ON public.auth_group_permissions USING btree (permission_id);


--
-- TOC entry 5775 (class 1259 OID 27187)
-- Name: auth_permission_content_type_id_2f476e4b; Type: INDEX; Schema: public; Owner: postgres
--

CREATE INDEX auth_permission_content_type_id_2f476e4b ON public.auth_permission USING btree (content_type_id);


--
-- TOC entry 5785 (class 1259 OID 27188)
-- Name: auth_user_groups_group_id_97559544; Type: INDEX; Schema: public; Owner: postgres
--

CREATE INDEX auth_user_groups_group_id_97559544 ON public.auth_user_groups USING btree (group_id);


--
-- TOC entry 5788 (class 1259 OID 27189)
-- Name: auth_user_groups_user_id_6a12ed8b; Type: INDEX; Schema: public; Owner: postgres
--

CREATE INDEX auth_user_groups_user_id_6a12ed8b ON public.auth_user_groups USING btree (user_id);


--
-- TOC entry 5791 (class 1259 OID 27190)
-- Name: auth_user_user_permissions_permission_id_1fbb5f2c; Type: INDEX; Schema: public; Owner: postgres
--

CREATE INDEX auth_user_user_permissions_permission_id_1fbb5f2c ON public.auth_user_user_permissions USING btree (permission_id);


--
-- TOC entry 5794 (class 1259 OID 27191)
-- Name: auth_user_user_permissions_user_id_a95ead1b; Type: INDEX; Schema: public; Owner: postgres
--

CREATE INDEX auth_user_user_permissions_user_id_a95ead1b ON public.auth_user_user_permissions USING btree (user_id);


--
-- TOC entry 5782 (class 1259 OID 27192)
-- Name: auth_user_username_6821ab7c_like; Type: INDEX; Schema: public; Owner: postgres
--

CREATE INDEX auth_user_username_6821ab7c_like ON public.auth_user USING btree (username varchar_pattern_ops);


--
-- TOC entry 5797 (class 1259 OID 27193)
-- Name: django_admin_log_content_type_id_c4bce8eb; Type: INDEX; Schema: public; Owner: postgres
--

CREATE INDEX django_admin_log_content_type_id_c4bce8eb ON public.django_admin_log USING btree (content_type_id);


--
-- TOC entry 5800 (class 1259 OID 27194)
-- Name: django_admin_log_user_id_c564eba6; Type: INDEX; Schema: public; Owner: postgres
--

CREATE INDEX django_admin_log_user_id_c564eba6 ON public.django_admin_log USING btree (user_id);


--
-- TOC entry 5807 (class 1259 OID 27195)
-- Name: django_session_expire_date_a5c62663; Type: INDEX; Schema: public; Owner: postgres
--

CREATE INDEX django_session_expire_date_a5c62663 ON public.django_session USING btree (expire_date);


--
-- TOC entry 5810 (class 1259 OID 27196)
-- Name: django_session_session_key_c0390e0f_like; Type: INDEX; Schema: public; Owner: postgres
--

CREATE INDEX django_session_session_key_c0390e0f_like ON public.django_session USING btree (session_key varchar_pattern_ops);


--
-- TOC entry 5811 (class 1259 OID 27197)
-- Name: rental_bookinghistory_car_id_5570fe5c; Type: INDEX; Schema: public; Owner: postgres
--

CREATE INDEX rental_bookinghistory_car_id_5570fe5c ON public.rental_bookinghistory USING btree (car_id);


--
-- TOC entry 5812 (class 1259 OID 27198)
-- Name: rental_bookinghistory_pickup_station_id_e9246053; Type: INDEX; Schema: public; Owner: postgres
--

CREATE INDEX rental_bookinghistory_pickup_station_id_e9246053 ON public.rental_bookinghistory USING btree (pickup_station_id);


--
-- TOC entry 5815 (class 1259 OID 27199)
-- Name: rental_bookinghistory_return_station_id_9d2b6f3b; Type: INDEX; Schema: public; Owner: postgres
--

CREATE INDEX rental_bookinghistory_return_station_id_9d2b6f3b ON public.rental_bookinghistory USING btree (return_station_id);


--
-- TOC entry 5816 (class 1259 OID 27200)
-- Name: rental_bookinghistory_user_id_075c8c80; Type: INDEX; Schema: public; Owner: postgres
--

CREATE INDEX rental_bookinghistory_user_id_075c8c80 ON public.rental_bookinghistory USING btree (user_id);


--
-- TOC entry 5817 (class 1259 OID 27201)
-- Name: rental_car_car_type_id_6162d754; Type: INDEX; Schema: public; Owner: postgres
--

CREATE INDEX rental_car_car_type_id_6162d754 ON public.rental_car USING btree (car_type_id);


--
-- TOC entry 5818 (class 1259 OID 27202)
-- Name: rental_car_current_location_c90b390f_id; Type: INDEX; Schema: public; Owner: postgres
--

CREATE INDEX rental_car_current_location_c90b390f_id ON public.rental_car USING gist (current_location);


--
-- TOC entry 5819 (class 1259 OID 27203)
-- Name: rental_car_license_plate_17a7d948_like; Type: INDEX; Schema: public; Owner: postgres
--

CREATE INDEX rental_car_license_plate_17a7d948_like ON public.rental_car USING btree (license_plate varchar_pattern_ops);


--
-- TOC entry 5841 (class 1259 OID 27912)
-- Name: rental_cargalleryimage_car_id_dcfc94b3; Type: INDEX; Schema: public; Owner: postgres
--

CREATE INDEX rental_cargalleryimage_car_id_dcfc94b3 ON public.rental_cargalleryimage USING btree (car_id);


--
-- TOC entry 5826 (class 1259 OID 27204)
-- Name: rental_gpslog_car_id_d016999b; Type: INDEX; Schema: public; Owner: postgres
--

CREATE INDEX rental_gpslog_car_id_d016999b ON public.rental_gpslog USING btree (car_id);


--
-- TOC entry 5827 (class 1259 OID 27205)
-- Name: rental_gpslog_location_23db7edb_id; Type: INDEX; Schema: public; Owner: postgres
--

CREATE INDEX rental_gpslog_location_23db7edb_id ON public.rental_gpslog USING gist (location);


--
-- TOC entry 5848 (class 1259 OID 27946)
-- Name: rental_review_car_id_faaaf42c; Type: INDEX; Schema: public; Owner: postgres
--

CREATE INDEX rental_review_car_id_faaaf42c ON public.rental_review USING btree (car_id);


--
-- TOC entry 5851 (class 1259 OID 27947)
-- Name: rental_review_user_id_35f92fdd; Type: INDEX; Schema: public; Owner: postgres
--

CREATE INDEX rental_review_user_id_35f92fdd ON public.rental_review USING btree (user_id);


--
-- TOC entry 5854 (class 1259 OID 27953)
-- Name: rental_reviewimage_review_id_3f1adb4c; Type: INDEX; Schema: public; Owner: postgres
--

CREATE INDEX rental_reviewimage_review_id_3f1adb4c ON public.rental_reviewimage USING btree (review_id);


--
-- TOC entry 5830 (class 1259 OID 27206)
-- Name: rental_safezone_area_c98612f8_id; Type: INDEX; Schema: public; Owner: postgres
--

CREATE INDEX rental_safezone_area_c98612f8_id ON public.rental_safezone USING gist (area);


--
-- TOC entry 5833 (class 1259 OID 27207)
-- Name: rental_station_area_7608ae80_id; Type: INDEX; Schema: public; Owner: postgres
--

CREATE INDEX rental_station_area_7608ae80_id ON public.rental_station USING gist (area);


--
-- TOC entry 5838 (class 1259 OID 27208)
-- Name: rental_usercustom_username_9463c2cd_like; Type: INDEX; Schema: public; Owner: postgres
--

CREATE INDEX rental_usercustom_username_9463c2cd_like ON public.rental_usercustom USING btree (username varchar_pattern_ops);


--
-- TOC entry 5859 (class 2606 OID 27209)
-- Name: auth_group_permissions auth_group_permissio_permission_id_84c5c92e_fk_auth_perm; Type: FK CONSTRAINT; Schema: public; Owner: postgres
--

ALTER TABLE ONLY public.auth_group_permissions
    ADD CONSTRAINT auth_group_permissio_permission_id_84c5c92e_fk_auth_perm FOREIGN KEY (permission_id) REFERENCES public.auth_permission(id) DEFERRABLE INITIALLY DEFERRED;


--
-- TOC entry 5860 (class 2606 OID 27214)
-- Name: auth_group_permissions auth_group_permissions_group_id_b120cbf9_fk_auth_group_id; Type: FK CONSTRAINT; Schema: public; Owner: postgres
--

ALTER TABLE ONLY public.auth_group_permissions
    ADD CONSTRAINT auth_group_permissions_group_id_b120cbf9_fk_auth_group_id FOREIGN KEY (group_id) REFERENCES public.auth_group(id) DEFERRABLE INITIALLY DEFERRED;


--
-- TOC entry 5861 (class 2606 OID 27219)
-- Name: auth_permission auth_permission_content_type_id_2f476e4b_fk_django_co; Type: FK CONSTRAINT; Schema: public; Owner: postgres
--

ALTER TABLE ONLY public.auth_permission
    ADD CONSTRAINT auth_permission_content_type_id_2f476e4b_fk_django_co FOREIGN KEY (content_type_id) REFERENCES public.django_content_type(id) DEFERRABLE INITIALLY DEFERRED;


--
-- TOC entry 5862 (class 2606 OID 27224)
-- Name: auth_user_groups auth_user_groups_group_id_97559544_fk_auth_group_id; Type: FK CONSTRAINT; Schema: public; Owner: postgres
--

ALTER TABLE ONLY public.auth_user_groups
    ADD CONSTRAINT auth_user_groups_group_id_97559544_fk_auth_group_id FOREIGN KEY (group_id) REFERENCES public.auth_group(id) DEFERRABLE INITIALLY DEFERRED;


--
-- TOC entry 5863 (class 2606 OID 27229)
-- Name: auth_user_groups auth_user_groups_user_id_6a12ed8b_fk_auth_user_id; Type: FK CONSTRAINT; Schema: public; Owner: postgres
--

ALTER TABLE ONLY public.auth_user_groups
    ADD CONSTRAINT auth_user_groups_user_id_6a12ed8b_fk_auth_user_id FOREIGN KEY (user_id) REFERENCES public.auth_user(id) DEFERRABLE INITIALLY DEFERRED;


--
-- TOC entry 5864 (class 2606 OID 27234)
-- Name: auth_user_user_permissions auth_user_user_permi_permission_id_1fbb5f2c_fk_auth_perm; Type: FK CONSTRAINT; Schema: public; Owner: postgres
--

ALTER TABLE ONLY public.auth_user_user_permissions
    ADD CONSTRAINT auth_user_user_permi_permission_id_1fbb5f2c_fk_auth_perm FOREIGN KEY (permission_id) REFERENCES public.auth_permission(id) DEFERRABLE INITIALLY DEFERRED;


--
-- TOC entry 5865 (class 2606 OID 27239)
-- Name: auth_user_user_permissions auth_user_user_permissions_user_id_a95ead1b_fk_auth_user_id; Type: FK CONSTRAINT; Schema: public; Owner: postgres
--

ALTER TABLE ONLY public.auth_user_user_permissions
    ADD CONSTRAINT auth_user_user_permissions_user_id_a95ead1b_fk_auth_user_id FOREIGN KEY (user_id) REFERENCES public.auth_user(id) DEFERRABLE INITIALLY DEFERRED;


--
-- TOC entry 5866 (class 2606 OID 27244)
-- Name: django_admin_log django_admin_log_content_type_id_c4bce8eb_fk_django_co; Type: FK CONSTRAINT; Schema: public; Owner: postgres
--

ALTER TABLE ONLY public.django_admin_log
    ADD CONSTRAINT django_admin_log_content_type_id_c4bce8eb_fk_django_co FOREIGN KEY (content_type_id) REFERENCES public.django_content_type(id) DEFERRABLE INITIALLY DEFERRED;


--
-- TOC entry 5867 (class 2606 OID 27249)
-- Name: django_admin_log django_admin_log_user_id_c564eba6_fk_auth_user_id; Type: FK CONSTRAINT; Schema: public; Owner: postgres
--

ALTER TABLE ONLY public.django_admin_log
    ADD CONSTRAINT django_admin_log_user_id_c564eba6_fk_auth_user_id FOREIGN KEY (user_id) REFERENCES public.auth_user(id) DEFERRABLE INITIALLY DEFERRED;


--
-- TOC entry 5868 (class 2606 OID 27254)
-- Name: rental_bookinghistory rental_bookinghistor_pickup_station_id_e9246053_fk_rental_st; Type: FK CONSTRAINT; Schema: public; Owner: postgres
--

ALTER TABLE ONLY public.rental_bookinghistory
    ADD CONSTRAINT rental_bookinghistor_pickup_station_id_e9246053_fk_rental_st FOREIGN KEY (pickup_station_id) REFERENCES public.rental_station(id) DEFERRABLE INITIALLY DEFERRED;


--
-- TOC entry 5869 (class 2606 OID 27259)
-- Name: rental_bookinghistory rental_bookinghistor_return_station_id_9d2b6f3b_fk_rental_st; Type: FK CONSTRAINT; Schema: public; Owner: postgres
--

ALTER TABLE ONLY public.rental_bookinghistory
    ADD CONSTRAINT rental_bookinghistor_return_station_id_9d2b6f3b_fk_rental_st FOREIGN KEY (return_station_id) REFERENCES public.rental_station(id) DEFERRABLE INITIALLY DEFERRED;


--
-- TOC entry 5870 (class 2606 OID 27264)
-- Name: rental_bookinghistory rental_bookinghistory_car_id_5570fe5c_fk_rental_car_id; Type: FK CONSTRAINT; Schema: public; Owner: postgres
--

ALTER TABLE ONLY public.rental_bookinghistory
    ADD CONSTRAINT rental_bookinghistory_car_id_5570fe5c_fk_rental_car_id FOREIGN KEY (car_id) REFERENCES public.rental_car(id) DEFERRABLE INITIALLY DEFERRED;


--
-- TOC entry 5871 (class 2606 OID 27269)
-- Name: rental_bookinghistory rental_bookinghistory_user_id_075c8c80_fk_rental_usercustom_id; Type: FK CONSTRAINT; Schema: public; Owner: postgres
--

ALTER TABLE ONLY public.rental_bookinghistory
    ADD CONSTRAINT rental_bookinghistory_user_id_075c8c80_fk_rental_usercustom_id FOREIGN KEY (user_id) REFERENCES public.rental_usercustom(id) DEFERRABLE INITIALLY DEFERRED;


--
-- TOC entry 5872 (class 2606 OID 27274)
-- Name: rental_car rental_car_car_type_id_6162d754_fk_rental_cartype_id; Type: FK CONSTRAINT; Schema: public; Owner: postgres
--

ALTER TABLE ONLY public.rental_car
    ADD CONSTRAINT rental_car_car_type_id_6162d754_fk_rental_cartype_id FOREIGN KEY (car_type_id) REFERENCES public.rental_cartype(id) DEFERRABLE INITIALLY DEFERRED;


--
-- TOC entry 5874 (class 2606 OID 27907)
-- Name: rental_cargalleryimage rental_cargalleryimage_car_id_dcfc94b3_fk_rental_car_id; Type: FK CONSTRAINT; Schema: public; Owner: postgres
--

ALTER TABLE ONLY public.rental_cargalleryimage
    ADD CONSTRAINT rental_cargalleryimage_car_id_dcfc94b3_fk_rental_car_id FOREIGN KEY (car_id) REFERENCES public.rental_car(id) DEFERRABLE INITIALLY DEFERRED;


--
-- TOC entry 5873 (class 2606 OID 27279)
-- Name: rental_gpslog rental_gpslog_car_id_d016999b_fk_rental_car_id; Type: FK CONSTRAINT; Schema: public; Owner: postgres
--

ALTER TABLE ONLY public.rental_gpslog
    ADD CONSTRAINT rental_gpslog_car_id_d016999b_fk_rental_car_id FOREIGN KEY (car_id) REFERENCES public.rental_car(id) DEFERRABLE INITIALLY DEFERRED;


--
-- TOC entry 5875 (class 2606 OID 27931)
-- Name: rental_review rental_review_booking_history_id_61af7522_fk_rental_bo; Type: FK CONSTRAINT; Schema: public; Owner: postgres
--

ALTER TABLE ONLY public.rental_review
    ADD CONSTRAINT rental_review_booking_history_id_61af7522_fk_rental_bo FOREIGN KEY (booking_history_id) REFERENCES public.rental_bookinghistory(id) DEFERRABLE INITIALLY DEFERRED;


--
-- TOC entry 5876 (class 2606 OID 27936)
-- Name: rental_review rental_review_car_id_faaaf42c_fk_rental_car_id; Type: FK CONSTRAINT; Schema: public; Owner: postgres
--

ALTER TABLE ONLY public.rental_review
    ADD CONSTRAINT rental_review_car_id_faaaf42c_fk_rental_car_id FOREIGN KEY (car_id) REFERENCES public.rental_car(id) DEFERRABLE INITIALLY DEFERRED;


--
-- TOC entry 5877 (class 2606 OID 27941)
-- Name: rental_review rental_review_user_id_35f92fdd_fk_rental_usercustom_id; Type: FK CONSTRAINT; Schema: public; Owner: postgres
--

ALTER TABLE ONLY public.rental_review
    ADD CONSTRAINT rental_review_user_id_35f92fdd_fk_rental_usercustom_id FOREIGN KEY (user_id) REFERENCES public.rental_usercustom(id) DEFERRABLE INITIALLY DEFERRED;


--
-- TOC entry 5878 (class 2606 OID 27948)
-- Name: rental_reviewimage rental_reviewimage_review_id_3f1adb4c_fk_rental_review_id; Type: FK CONSTRAINT; Schema: public; Owner: postgres
--

ALTER TABLE ONLY public.rental_reviewimage
    ADD CONSTRAINT rental_reviewimage_review_id_3f1adb4c_fk_rental_review_id FOREIGN KEY (review_id) REFERENCES public.rental_review(id) DEFERRABLE INITIALLY DEFERRED;


-- Completed on 2026-04-20 14:40:03

--
-- PostgreSQL database dump complete
--

\unrestrict PTKAnn83Rvmz3lqtKc7sT4K4RtnNvmNMrjRPAQxnUqbJgt0iMwtB702ZYvNGoWq

